node,template_id,bucket5,anchor_ts,stage,pool_size,n_negatives_selected
an1,8,3828311,1148493450,1,7,4
an1,9,3827787,1148336250,1,3,3
an1001,1,3812833,1143850050,1,6,4
an101,8,3816212,1144863750,1,12,4
an101,8,3816213,1144864050,1,12,4
an1010,1,3823186,1146955950,1,2,2
an1011,1,3792265,1137679650,1,11,4
an1011,2,3791642,1137492750,1,22,4
an1011,2,3791643,1137493050,1,22,4
an1011,2,3791952,1137585750,1,14,4
an1011,2,3792031,1137609450,1,13,4
an1011,2,3792033,1137610050,1,13,4
an1011,2,3792035,1137610650,1,13,4
an1011,2,3792037,1137611250,1,13,4
an1011,2,3792240,1137672150,1,4,4
an1011,2,3792265,1137679650,1,11,4
an1011,2,3792295,1137688650,1,9,4
an1012,1,3795845,1138753650,1,124,4
an1014,1,3837867,1151360250,1,1441,4
an102,8,3816212,1144863750,1,11,4
an102,8,3816213,1144864050,1,11,4
an103,8,3816212,1144863750,1,10,4
an104,8,3816212,1144863750,1,11,4
an105,8,3816212,1144863750,1,12,4
an106,8,3816212,1144863750,1,11,4
an107,1,3789441,1136832450,1,687,4
an108,9,3841037,1152311250,1,5,4
an109,8,3816212,1144863750,1,10,4
an111,8,3816212,1144863750,1,11,4
an112,8,3816212,1144863750,1,10,4
an113,8,3816212,1144863750,1,13,4
an114,8,3816212,1144863750,1,12,4
an115,8,3816212,1144863750,1,12,4
an116,8,3816212,1144863750,1,10,4
an117,8,3816212,1144863750,1,12,4
an118,8,3816212,1144863750,1,10,4
an119,8,3816212,1144863750,1,10,4
an120,8,3816212,1144863750,1,11,4
an121,8,3816212,1144863750,1,10,4
an122,8,3816212,1144863750,1,13,4
an123,8,3816212,1144863750,1,12,4
an124,8,3816212,1144863750,1,12,4
an125,8,3816212,1144863750,1,10,4
an126,8,3816212,1144863750,1,11,4
an127,8,3816212,1144863750,1,11,4
an128,8,3816212,1144863750,1,12,4
an129,8,3816212,1144863750,1,12,4
an130,8,3816212,1144863750,1,11,4
an131,8,3816212,1144863750,1,14,4
an132,8,3816212,1144863750,1,10,4
an133,8,3816212,1144863750,1,12,4
an134,8,3816212,1144863750,1,13,4
an135,8,3816212,1144863750,1,13,4
an136,8,3816212,1144863750,1,11,4
an137,8,3816212,1144863750,1,10,4
an138,8,3816212,1144863750,1,11,4
an139,8,3816212,1144863750,1,11,4
an140,8,3816212,1144863750,1,10,4
an142,8,3816212,1144863750,1,10,4
an144,8,3816212,1144863750,1,11,4
an145,8,3816212,1144863750,1,10,4
an146,8,3816212,1144863750,1,15,4
an147,8,3816212,1144863750,1,10,4
an148,8,3816212,1144863750,1,11,4
an149,8,3816212,1144863750,1,12,4
an150,8,3816212,1144863750,1,12,4
an151,8,3816212,1144863750,1,13,4
an152,8,3816212,1144863750,1,11,4
an153,8,3816212,1144863750,1,10,4
an154,8,3816212,1144863750,1,12,4
an155,8,3816212,1144863750,1,12,4
an156,8,3816212,1144863750,1,11,4
an157,8,3816212,1144863750,1,10,4
an158,8,3816212,1144863750,1,13,4
an159,8,3816212,1144863750,1,12,4
an160,8,3816212,1144863750,1,11,4
an161,8,3816212,1144863750,1,11,4
an162,8,3816212,1144863750,1,11,4
an163,8,3816212,1144863750,1,12,4
an164,1,3780317,1134095250,1,125,4
an164,8,3816212,1144863750,1,11,4
an165,8,3816212,1144863750,1,12,4
an166,8,3816212,1144863750,1,11,4
an167,1,3816304,1144891350,1,10,4
an167,8,3816212,1144863750,1,11,4
an168,8,3816212,1144863750,1,12,4
an169,8,3816212,1144863750,1,13,4
an170,8,3816212,1144863750,1,10,4
an171,1,3809906,1142971950,1,157,4
an172,8,3816212,1144863750,1,11,4
an173,8,3816212,1144863750,1,10,4
an174,8,3816212,1144863750,1,11,4
an175,8,3816212,1144863750,1,15,4
an177,8,3816212,1144863750,1,10,4
an177,9,3807953,1142386050,1,433,4
an178,8,3816212,1144863750,1,10,4
an179,8,3816212,1144863750,1,13,4
an18,1,3812842,1143852750,1,16,4
an180,8,3816212,1144863750,1,17,4
an181,8,3816212,1144863750,1,14,4
an182,1,3834538,1150361550,2,16203,4
an183,8,3816212,1144863750,1,14,4
an184,8,3816212,1144863750,1,17,4
an185,8,3816212,1144863750,1,10,4
an186,2,3785492,1135647750,1,67,4
an186,2,3785495,1135648650,1,67,4
an186,2,3785498,1135649550,1,67,4
an186,2,3785616,1135684950,1,25,4
an186,2,3785904,1135771350,1,25,4
an186,2,3786192,1135857750,1,25,4
an186,2,3786480,1135944150,1,25,4
an186,2,3786768,1136030550,1,25,4
an186,2,3787056,1136116950,1,56,4
an186,2,3787060,1136118150,1,56,4
an186,2,3787064,1136119350,1,56,4
an186,7,3785492,1135647750,1,67,4
an186,8,3816212,1144863750,1,12,4
an188,8,3816212,1144863750,1,12,4
an189,8,3816212,1144863750,1,12,4
an190,8,3816212,1144863750,1,17,4
an191,1,3788752,1136625750,1,900,4
an191,3,3788762,1136628750,1,900,4
an191,7,3788752,1136625750,1,900,4
an191,7,3788753,1136626050,1,900,4
an191,7,3788754,1136626350,1,900,4
an191,7,3788762,1136628750,1,900,4
an191,7,3788784,1136635350,1,33,4
an191,7,3788822,1136646750,1,167,4
an191,7,3788823,1136647050,1,167,4
an191,7,3789072,1136721750,1,177,4
an191,7,3789076,1136722950,1,189,4
an191,7,3789077,1136723250,1,189,4
an191,7,3789078,1136723550,1,189,4
an191,7,3789079,1136723850,1,189,4
an191,7,3789360,1136808150,1,43,4
an191,7,3789648,1136894550,1,68,4
an191,7,3789649,1136894850,1,68,4
an191,7,3789936,1136980950,1,34,4
an191,7,3790224,1137067350,1,54,4
an191,7,3790225,1137067650,1,54,4
an191,7,3790512,1137153750,1,29,4
an191,7,3790800,1137240150,1,53,4
an191,7,3790801,1137240450,1,53,4
an191,7,3791088,1137326550,1,122,4
an191,7,3791092,1137327750,1,122,4
an191,7,3791093,1137328050,1,122,4
an191,7,3791094,1137328350,1,122,4
an191,7,3791376,1137412950,1,32,4
an191,7,3791664,1137499350,1,27,4
an191,7,3791952,1137585750,1,119,4
an191,7,3792030,1137609150,1,342,4
an191,7,3792031,1137609450,1,338,4
an191,7,3792033,1137610050,1,338,4
an191,7,3792034,1137610350,1,338,4
an191,7,3792035,1137610650,1,338,4
an191,7,3792036,1137610950,1,333,4
an191,7,3792037,1137611250,1,329,4
an191,7,3792038,1137611550,1,319,4
an191,7,3792039,1137611850,1,311,4
an191,8,3816212,1144863750,1,10,4
an192,8,3816212,1144863750,1,12,4
an193,8,3816212,1144863750,1,12,4
an194,8,3816212,1144863750,1,13,4
an195,8,3816212,1144863750,1,14,4
an196,8,3816212,1144863750,1,11,4
an198,8,3816212,1144863750,1,14,4
an199,8,3816212,1144863750,1,13,4
an2,8,3828311,1148493450,1,4,4
an200,8,3816212,1144863750,1,15,4
an201,8,3816212,1144863750,1,14,4
an202,8,3816212,1144863750,1,14,4
an203,8,3816212,1144863750,1,16,4
an205,8,3816212,1144863750,1,58,4
an206,8,3816212,1144863750,1,12,4
an207,8,3816212,1144863750,1,16,4
an208,8,3816212,1144863750,1,13,4
an209,8,3816212,1144863750,1,13,4
an21,1,3812832,1143849750,1,15,4
an21,3,3823761,1147128450,1,1621,4
an21,3,3823767,1147130250,1,1620,4
an21,7,3823755,1147126650,1,1620,4
an21,7,3823756,1147126950,1,1625,4
an21,7,3823757,1147127250,1,1625,4
an21,7,3823758,1147127550,1,1621,4
an21,7,3823759,1147127850,1,1621,4
an21,7,3823760,1147128150,1,1621,4
an21,7,3823761,1147128450,1,1621,4
an21,7,3823762,1147128750,1,1621,4
an21,7,3823763,1147129050,1,1621,4
an21,7,3823764,1147129350,1,1620,4
an21,7,3823767,1147130250,1,1620,4
an21,7,3823908,1147172550,1,257,4
an21,7,3823909,1147172850,1,257,4
an21,7,3823910,1147173150,1,257,4
an21,7,3823911,1147173450,1,257,4
an21,7,3823912,1147173750,1,257,4
an21,7,3823913,1147174050,1,257,4
an21,7,3823914,1147174350,1,257,4
an21,7,3824196,1147258950,1,45,4
an21,7,3824484,1147345350,1,48,4
an21,7,3824772,1147431750,1,114,4
an21,7,3825060,1147518150,1,47,4
an21,7,3825348,1147604550,1,69,4
an21,7,3825352,1147605750,1,69,4
an21,7,3825636,1147690950,1,45,4
an21,7,3825756,1147726950,1,570,4
an21,7,3825757,1147727250,1,570,4
an210,8,3816212,1144863750,1,13,4
an211,8,3816212,1144863750,1,19,4
an212,8,3816212,1144863750,1,14,4
an213,8,3816212,1144863750,1,12,4
an214,8,3816212,1144863750,1,12,4
an215,8,3816212,1144863750,1,13,4
an216,8,3816212,1144863750,1,14,4
an217,8,3816212,1144863750,1,14,4
an218,1,3812833,1143850050,1,20,4
an218,8,3816212,1144863750,1,15,4
an219,8,3816212,1144863750,1,12,4
an220,8,3816212,1144863750,1,14,4
an222,8,3816212,1144863750,1,15,4
an223,8,3816212,1144863750,1,15,4
an224,8,3816212,1144863750,1,13,4
an225,8,3816212,1144863750,1,14,4
an227,8,3816212,1144863750,1,14,4
an228,8,3816212,1144863750,1,14,4
an229,8,3816212,1144863750,1,15,4
an230,8,3816212,1144863750,1,15,4
an231,8,3816212,1144863750,1,13,4
an232,8,3816212,1144863750,1,16,4
an233,8,3816212,1144863750,1,15,4
an234,8,3816212,1144863750,1,15,4
an235,8,3816212,1144863750,1,125,4
an236,1,3823177,1146953250,1,1532,4
an236,8,3816212,1144863750,1,15,4
an237,8,3816212,1144863750,1,13,4
an238,8,3816212,1144863750,1,16,4
an239,8,3816212,1144863750,1,16,4
an240,8,3816212,1144863750,1,14,4
an241,8,3816212,1144863750,1,13,4
an242,8,3816212,1144863750,1,15,4
an243,8,3816212,1144863750,1,14,4
an244,8,3816212,1144863750,1,19,4
an246,8,3816212,1144863750,1,19,4
an247,8,3816212,1144863750,1,13,4
an248,1,3798264,1139479350,1,1037,4
an249,8,3816212,1144863750,1,14,4
an250,8,3816212,1144863750,1,13,4
an251,8,3816212,1144863750,1,14,4
an252,1,3812833,1143850050,1,11,4
an252,8,3816212,1144863750,1,39,4
an253,1,3812833,1143850050,1,27,4
an253,8,3816212,1144863750,1,14,4
an254,8,3816212,1144863750,1,15,4
an255,8,3816212,1144863750,1,14,4
an256,8,3816212,1144863750,1,13,4
an257,8,3816212,1144863750,1,13,4
an258,8,3816212,1144863750,1,13,4
an259,8,3816212,1144863750,1,15,4
an260,8,3816212,1144863750,1,17,4
an261,8,3816212,1144863750,1,17,4
an262,8,3816212,1144863750,1,14,4
an263,8,3816212,1144863750,1,14,4
an265,8,3816212,1144863750,1,19,4
an266,8,3816212,1144863750,1,14,4
an268,8,3816212,1144863750,1,15,4
an269,8,3816212,1144863750,1,13,4
an270,8,3816212,1144863750,1,13,4
an271,8,3816212,1144863750,1,12,4
an272,8,3816212,1144863750,1,18,4
an273,8,3816212,1144863750,1,18,4
an274,8,3816212,1144863750,1,15,4
an275,8,3816212,1144863750,1,13,4
an276,8,3816212,1144863750,1,12,4
an277,8,3816212,1144863750,1,13,4
an278,1,3841054,1152316350,1,263,4
an278,8,3816212,1144863750,1,13,4
an279,8,3816212,1144863750,1,12,4
an280,8,3816212,1144863750,1,14,4
an281,8,3816212,1144863750,1,10,4
an282,8,3816212,1144863750,1,12,4
an282,9,3797857,1139357250,1,5,4
an283,8,3816212,1144863750,1,13,4
an284,1,3812842,1143852750,2,24706,4
an284,8,3816212,1144863750,1,12,4
an285,1,3812842,1143852750,2,23172,4
an285,1,3815886,1144765950,1,6,4
an286,8,3816212,1144863750,1,15,4
an287,8,3816212,1144863750,1,16,4
an288,8,3816212,1144863750,1,12,4
an289,2,3784938,1135481550,1,51,4
an289,2,3785040,1135512150,1,35,4
an289,2,3786480,1135944150,1,14,4
an289,8,3816212,1144863750,1,15,4
an290,8,3816212,1144863750,1,13,4
an291,1,3812842,1143852750,2,19487,4
an291,8,3816212,1144863750,1,16,4
an292,1,3812842,1143852750,2,19730,4
an292,8,3816212,1144863750,1,14,4
an293,1,3812842,1143852750,2,20415,4
an293,8,3816212,1144863750,1,14,4
an295,8,3816212,1144863750,1,14,4
an296,8,3816212,1144863750,1,15,4
an297,1,3812842,1143852750,2,19777,4
an297,8,3816212,1144863750,1,14,4
an298,8,3816212,1144863750,1,14,4
an3,8,3828311,1148493450,1,4,4
an300,8,3816212,1144863750,1,15,4
an301,8,3816212,1144863750,1,16,4
an302,8,3816212,1144863750,1,16,4
an303,8,3816212,1144863750,1,15,4
an304,8,3816212,1144863750,1,15,4
an305,8,3816212,1144863750,1,13,4
an306,8,3816212,1144863750,1,13,4
an307,8,3816212,1144863750,1,11,4
an308,8,3816212,1144863750,1,10,4
an309,8,3816212,1144863750,1,11,4
an31,1,3812831,1143849450,1,17,4
an310,8,3816212,1144863750,1,11,4
an311,8,3816212,1144863750,1,13,4
an312,8,3816212,1144863750,1,12,4
an313,8,3816212,1144863750,1,10,4
an314,8,3816212,1144863750,1,13,4
an315,8,3816212,1144863750,1,11,4
an316,8,3816212,1144863750,1,12,4
an317,8,3816212,1144863750,1,13,4
an318,8,3816212,1144863750,1,10,4
an320,8,3816212,1144863750,1,11,4
an321,8,3816212,1144863750,1,13,4
an322,8,3816212,1144863750,1,12,4
an323,8,3816212,1144863750,1,12,4
an324,8,3816212,1144863750,1,12,4
an325,8,3816212,1144863750,1,14,4
an326,1,3780317,1134095250,1,180,4
an326,8,3816212,1144863750,1,15,4
an327,8,3816212,1144863750,1,12,4
an328,8,3816212,1144863750,1,12,4
an329,8,3816212,1144863750,1,12,4
an330,8,3816212,1144863750,1,10,4
an331,8,3816212,1144863750,1,11,4
an332,8,3816212,1144863750,1,11,4
an333,8,3816212,1144863750,1,13,4
an334,1,3821789,1146536850,1,496,4
an334,8,3816212,1144863750,1,12,4
an335,1,3812842,1143852750,2,21586,4
an335,8,3816212,1144863750,1,13,4
an336,8,3816212,1144863750,1,13,4
an337,1,3812842,1143852750,2,15438,4
an337,8,3816212,1144863750,1,12,4
an345,1,3812842,1143852750,2,16819,4
an345,8,3810196,1143058950,1,48,4
an345,8,3810197,1143059250,1,48,4
an345,8,3810198,1143059550,1,48,4
an346,8,3810196,1143058950,1,49,4
an346,8,3810197,1143059250,1,49,4
an346,8,3810198,1143059550,1,49,4
an347,1,3778560,1133568150,1,524,4
an347,8,3816212,1144863750,1,11,4
an348,8,3816212,1144863750,1,12,4
an349,8,3816212,1144863750,1,10,4
an351,8,3816212,1144863750,1,14,4
an353,1,3806099,1141829850,1,8,4
an354,1,3840757,1152227250,1,75,4
an354,8,3816212,1144863750,1,12,4
an355,8,3816212,1144863750,1,14,4
an356,8,3816212,1144863750,1,11,4
an362,8,3816212,1144863750,1,13,4
an364,8,3816212,1144863750,1,14,4
an367,8,3816212,1144863750,1,11,4
an374,8,3816212,1144863750,1,13,4
an376,1,3833253,1149976050,1,1366,4
an379,1,3823259,1146977850,1,3,3
an38,1,3812842,1143852750,1,11,4
an380,1,3812842,1143852750,2,27768,4
an381,1,3812842,1143852750,2,17496,4
an382,1,3812842,1143852750,2,18799,4
an383,1,3812842,1143852750,2,19577,4
an386,1,3812842,1143852750,2,46990,4
an39,1,3812831,1143849450,1,40,4
an390,1,3812832,1143849750,2,14082,4
an392,1,3812833,1143850050,2,14361,4
an393,1,3812842,1143852750,2,26766,4
an394,8,3816212,1144863750,1,12,4
an395,1,3812842,1143852750,2,15275,4
an395,8,3816212,1144863750,1,11,4
an396,8,3816212,1144863750,1,12,4
an397,8,3816212,1144863750,1,11,4
an398,8,3816212,1144863750,1,13,4
an399,8,3816212,1144863750,1,12,4
an4,8,3828311,1148493450,1,4,4
an40,1,3812831,1143849450,1,15,4
an400,8,3816212,1144863750,1,11,4
an402,8,3816212,1144863750,1,11,4
an403,8,3816212,1144863750,1,12,4
an404,8,3816212,1144863750,1,11,4
an405,8,3816212,1144863750,1,12,4
an406,8,3816212,1144863750,1,12,4
an407,8,3816212,1144863750,1,12,4
an408,8,3816212,1144863750,1,13,4
an409,8,3816212,1144863750,1,13,4
an410,8,3816212,1144863750,1,14,4
an411,8,3816212,1144863750,1,12,4
an412,1,3812831,1143849450,1,14,4
an412,8,3816212,1144863750,1,14,4
an413,8,3816212,1144863750,1,14,4
an414,8,3816212,1144863750,1,12,4
an415,8,3816212,1144863750,1,13,4
an416,1,3772989,1131896850,1,1645,4
an416,1,3812831,1143849450,2,61588,4
an416,8,3816212,1144863750,1,14,4
an417,8,3816212,1144863750,1,13,4
an418,8,3816212,1144863750,1,13,4
an419,8,3816212,1144863750,1,13,4
an42,1,3812832,1143849750,1,16,4
an420,8,3816212,1144863750,1,16,4
an421,8,3816212,1144863750,1,14,4
an422,8,3816212,1144863750,1,12,4
an423,8,3816212,1144863750,1,14,4
an424,8,3816212,1144863750,1,13,4
an425,1,3812832,1143849750,2,24396,4
an425,8,3816212,1144863750,1,14,4
an426,8,3816212,1144863750,1,12,4
an427,8,3816212,1144863750,1,16,4
an428,8,3816212,1144863750,1,12,4
an43,1,3778490,1133547150,1,26,4
an43,2,3778454,1133536350,1,6,4
an43,2,3778490,1133547150,1,26,4
an43,2,3778491,1133547450,1,26,4
an43,2,3778493,1133548050,1,26,4
an43,2,3778494,1133548350,1,26,4
an43,2,3778996,1133698950,1,32,4
an43,2,3779655,1133896650,1,98,4
an43,2,3779922,1133976750,1,7,4
an43,2,3779926,1133977950,1,7,4
an43,2,3779938,1133981550,1,10,4
an43,2,3779941,1133982450,1,8,4
an43,2,3780217,1134065250,1,4,4
an43,2,3780486,1134145950,1,12,4
an430,8,3816212,1144863750,1,15,4
an431,8,3816212,1144863750,1,14,4
an432,8,3816212,1144863750,1,12,4
an433,1,3812832,1143849750,1,6,4
an433,8,3816212,1144863750,1,12,4
an434,8,3816212,1144863750,1,14,4
an435,8,3816212,1144863750,1,12,4
an436,8,3816212,1144863750,1,15,4
an437,1,3812589,1143776850,1,9,4
an438,8,3816212,1144863750,1,13,4
an439,8,3816212,1144863750,1,14,4
an44,1,3840770,1152231150,1,1398,4
an440,1,3812832,1143849750,1,26,4
an440,8,3816212,1144863750,1,12,4
an441,8,3816212,1144863750,1,15,4
an442,1,3812832,1143849750,1,140,4
an442,8,3816212,1144863750,1,15,4
an443,8,3816212,1144863750,1,12,4
an444,8,3816212,1144863750,1,13,4
an446,1,3812832,1143849750,2,27747,4
an446,8,3816212,1144863750,1,12,4
an448,1,3812831,1143849450,1,2,2
an448,8,3816212,1144863750,1,12,4
an449,8,3816212,1144863750,1,14,4
an45,8,3828311,1148493450,1,7,4
an450,8,3816212,1144863750,1,15,4
an451,8,3816212,1144863750,1,13,4
an452,8,3816212,1144863750,1,13,4
an453,8,3816212,1144863750,1,13,4
an454,8,3816212,1144863750,1,15,4
an455,8,3816212,1144863750,1,15,4
an456,8,3816212,1144863750,1,12,4
an457,8,3816212,1144863750,1,15,4
an458,8,3816212,1144863750,1,12,4
an459,8,3816212,1144863750,1,14,4
an460,8,3816212,1144863750,1,12,4
an461,8,3816212,1144863750,1,15,4
an463,8,3816212,1144863750,1,12,4
an464,8,3816212,1144863750,1,12,4
an465,8,3816212,1144863750,1,13,4
an466,8,3816212,1144863750,1,13,4
an467,8,3816212,1144863750,1,15,4
an468,8,3816212,1144863750,1,13,4
an469,8,3816212,1144863750,1,14,4
an47,1,3812842,1143852750,1,16,4
an47,8,3828311,1148493450,1,3,3
an470,8,3816212,1144863750,1,13,4
an471,8,3816212,1144863750,1,13,4
an472,8,3816212,1144863750,1,12,4
an473,1,3812831,1143849450,1,102,4
an473,8,3816212,1144863750,1,13,4
an474,8,3816212,1144863750,1,15,4
an475,8,3816212,1144863750,1,12,4
an476,8,3816212,1144863750,1,14,4
an477,8,3816212,1144863750,1,13,4
an478,1,3812832,1143849750,1,32,4
an478,8,3816212,1144863750,1,13,4
an479,1,3812842,1143852750,1,120,4
an479,8,3816212,1144863750,1,14,4
an48,1,3812842,1143852750,1,13,4
an48,8,3828311,1148493450,1,4,4
an480,1,3812833,1143850050,2,27315,4
an482,1,3822637,1146791250,1,775,4
an483,1,3812842,1143852750,2,13462,4
an483,8,3816212,1144863750,1,13,4
an484,8,3816212,1144863750,1,12,4
an485,8,3816212,1144863750,1,13,4
an486,8,3816212,1144863750,1,15,4
an487,8,3816212,1144863750,1,15,4
an488,8,3816212,1144863750,1,15,4
an489,8,3816212,1144863750,1,14,4
an49,8,3828311,1148493450,1,5,4
an490,1,3812842,1143852750,2,13269,4
an490,8,3816212,1144863750,1,12,4
an491,8,3816212,1144863750,1,14,4
an492,8,3816212,1144863750,1,10,4
an493,8,3816212,1144863750,1,10,4
an496,8,3816212,1144863750,1,11,4
an497,1,3812842,1143852750,2,32400,4
an497,8,3816212,1144863750,1,9,4
an499,8,3816212,1144863750,1,9,4
an5,1,3812832,1143849750,1,7,4
an500,8,3816212,1144863750,1,9,4
an501,8,3816212,1144863750,1,10,4
an502,8,3816212,1144863750,1,10,4
an504,8,3816212,1144863750,1,11,4
an505,8,3816212,1144863750,1,10,4
an506,8,3816212,1144863750,1,10,4
an507,8,3816212,1144863750,1,12,4
an508,8,3816212,1144863750,1,10,4
an510,1,3815735,1144720650,1,46,4
an510,2,3815730,1144719150,1,46,4
an510,2,3815731,1144719450,1,46,4
an510,2,3815735,1144720650,1,46,4
an510,2,3815844,1144753350,1,11,4
an510,2,3816137,1144841250,1,5,4
an510,2,3816996,1145098950,1,12,4
an510,2,3817284,1145185350,1,6,4
an510,2,3817572,1145271750,1,6,4
an510,2,3817860,1145358150,1,4,4
an510,2,3818436,1145530950,1,15,4
an510,2,3818569,1145570850,1,23,4
an510,2,3818729,1145618850,1,6,4
an510,2,3819012,1145703750,1,56,4
an510,2,3819588,1145876550,1,6,4
an510,2,3819632,1145889750,1,6,4
an510,2,3819634,1145890350,1,6,4
an510,2,3819722,1145916750,1,112,4
an510,2,3819724,1145917350,1,112,4
an510,2,3819725,1145917650,1,372,4
an510,2,3819727,1145918250,1,612,4
an510,2,3819728,1145918550,1,612,4
an510,2,3819729,1145918850,1,612,4
an510,2,3819736,1145920950,1,656,4
an510,7,3815730,1144719150,1,46,4
an513,8,3816212,1144863750,1,11,4
an515,1,3812842,1143852750,2,38049,4
an515,1,3818912,1145673750,1,1535,4
an518,1,3812842,1143852750,2,16131,4
an519,1,3812842,1143852750,2,26444,4
an53,1,3812842,1143852750,1,18,4
an531,8,3833857,1150157250,1,19,4
an532,1,3812842,1143852750,1,8,4
an533,1,3812842,1143852750,2,19049,4
an534,1,3812842,1143852750,1,84,4
an537,1,3812833,1143850050,1,46,4
an538,7,3793988,1138196550,1,32,4
an538,7,3799157,1139747250,1,14563,4
an539,1,3812842,1143852750,2,26204,4
an54,1,3812842,1143852750,1,18,4
an542,1,3812833,1143850050,2,16907,4
an543,1,3812842,1143852750,2,18096,4
an545,1,3812833,1143850050,2,19523,4
an546,1,3812842,1143852750,2,16885,4
an547,1,3812842,1143852750,2,16856,4
an550,1,3812842,1143852750,2,17548,4
an552,1,3819300,1145790150,1,16,4
an552,2,3819054,1145716350,1,8,4
an552,2,3819057,1145717250,1,8,4
an552,2,3819059,1145717850,1,9,4
an552,2,3819300,1145790150,1,16,4
an552,2,3819304,1145791350,1,16,4
an552,2,3819588,1145876550,1,16,4
an552,2,3819632,1145889750,1,8,4
an552,2,3819633,1145890050,1,8,4
an552,2,3819634,1145890350,1,8,4
an552,2,3819722,1145916750,1,536,4
an552,2,3819724,1145917350,1,537,4
an552,2,3819725,1145917650,1,537,4
an552,2,3819727,1145918250,1,538,4
an552,2,3819728,1145918550,1,538,4
an552,2,3819729,1145918850,1,538,4
an552,2,3819732,1145919750,1,578,4
an552,3,3819724,1145917350,1,537,4
an559,1,3812842,1143852750,2,17813,4
an560,1,3812831,1143849450,1,26,4
an562,1,3812833,1143850050,1,84,4
an563,1,3812833,1143850050,2,16385,4
an571,1,3812842,1143852750,2,16032,4
an577,1,3812842,1143852750,2,15086,4
an578,1,3808529,1142558850,1,2,2
an578,1,3811018,1143305550,1,3,3
an578,1,3813025,1143907650,1,2,2
an578,1,3814201,1144260450,2,19158,4
an578,1,3815013,1144504050,1,6,4
an578,1,3816483,1144945050,1,1,1
an579,1,3808180,1142454150,1,3,3
an583,1,3789511,1136853450,1,1192,4
an594,8,3810195,1143058650,1,11,4
an60,1,3812842,1143852750,1,42,4
an607,8,3810195,1143058650,1,19,4
an61,9,3830614,1149184350,1,4,4
an611,1,3828105,1148431650,1,17,4
an611,1,3830610,1149183150,1,5,4
an611,4,3817172,1145151750,1,1,1
an615,1,3825724,1147717350,1,531,4
an63,1,3812842,1143852750,1,14,4
an63,1,3840974,1152292350,1,6,4
an63,9,3834961,1150488450,1,15,4
an63,9,3836781,1151034450,1,3,3
an64,9,3832416,1149724950,1,4,4
an64,9,3836807,1151042250,2,31277,4
an640,1,3804142,1141242750,1,1384,4
an664,1,3772448,1131734550,1,1355,4
an665,1,3819956,1145986950,1,999,4
an667,1,3804640,1141392150,1,596,4
an667,7,3804639,1141391850,1,596,4
an667,7,3804640,1141392150,1,596,4
an667,7,3804641,1141392450,1,596,4
an667,7,3804912,1141473750,1,142,4
an667,7,3804913,1141474050,1,142,4
an667,7,3804914,1141474350,1,142,4
an667,7,3804915,1141474650,1,142,4
an667,7,3805200,1141560150,1,227,4
an667,7,3805201,1141560450,1,227,4
an667,7,3805204,1141561350,1,227,4
an667,7,3805205,1141561650,1,227,4
an667,7,3805206,1141561950,1,227,4
an667,7,3805207,1141562250,1,227,4
an667,7,3805488,1141646550,1,74,4
an667,7,3805489,1141646850,1,74,4
an667,7,3805776,1141732950,1,72,4
an667,7,3805777,1141733250,1,72,4
an667,7,3805818,1141745550,1,47,4
an667,7,3805819,1141745850,1,47,4
an667,7,3806064,1141819350,1,85,4
an667,7,3806065,1141819650,1,85,4
an679,1,3787921,1136376450,1,42,4
an679,1,3787955,1136386650,1,595,4
an679,1,3788076,1136422950,1,535,4
an679,1,3808416,1142524950,1,603,4
an679,3,3787701,1136310450,1,525,4
an679,3,3803517,1141055250,1,473,4
an679,7,3787673,1136302050,1,568,4
an679,7,3787701,1136310450,1,525,4
an679,7,3787758,1136327550,1,554,4
an679,7,3787921,1136376450,1,42,4
an679,7,3787955,1136386650,1,595,4
an679,7,3788076,1136422950,1,535,4
an679,7,3803838,1141151550,1,579,4
an679,7,3807954,1142386350,1,592,4
an679,7,3808416,1142524950,1,603,4
an684,1,3797426,1139227950,1,1037,4
an69,1,3812842,1143852750,1,24,4
an690,1,3783365,1135009650,1,1845,4
an690,1,3788303,1136491050,1,1628,4
an690,1,3788309,1136492850,1,1627,4
an690,1,3795845,1138753650,1,125,4
an71,1,3812842,1143852750,1,18,4
an713,1,3772546,1131763950,1,16,4
an75,1,3812842,1143852750,1,16,4
an753,8,3798404,1139521350,1,4,4
an76,1,3809314,1142794350,1,35,4
an76,2,3809308,1142792550,1,35,4
an76,2,3809309,1142792850,1,35,4
an76,2,3809311,1142793450,1,35,4
an76,2,3809314,1142794350,1,35,4
an76,2,3809814,1142944350,1,6,4
an76,2,3809818,1142945550,1,6,4
an76,2,3810096,1143028950,1,6,4
an76,2,3810102,1143030750,1,6,4
an76,2,3810384,1143115350,1,5,4
an76,2,3810390,1143117150,1,5,4
an76,7,3809308,1142792550,1,35,4
an760,1,3796489,1138946850,1,1040,4
an762,8,3796623,1138987050,1,7,4
an763,8,3796623,1138987050,1,8,4
an765,8,3796623,1138987050,1,9,4
an767,1,3830703,1149211050,1,54,4
an769,1,3812833,1143850050,2,20746,4
an770,1,3812833,1143850050,2,17403,4
an775,1,3812833,1143850050,2,17000,4
an778,1,3812842,1143852750,2,16665,4
an780,1,3812831,1143849450,1,3,3
an781,1,3812831,1143849450,2,15523,4
an782,1,3812831,1143849450,2,16375,4
an782,7,3836473,1150942050,1,17,4
an783,1,3812831,1143849450,2,15730,4
an784,1,3812831,1143849450,2,16338,4
an785,1,3812842,1143852750,2,19655,4
an789,1,3812842,1143852750,2,16460,4
an790,1,3812832,1143849750,2,15951,4
an794,1,3823718,1147115550,1,281,4
an794,3,3823718,1147115550,1,281,4
an8,1,3812842,1143852750,1,14,4
an8,1,3829227,1148768250,1,116,4
an80,1,3812842,1143852750,1,24,4
an800,1,3812832,1143849750,1,2,2
an801,1,3812831,1143849450,2,17260,4
an803,1,3812832,1143849750,2,16514,4
an804,1,3812831,1143849450,1,3,3
an805,1,3812842,1143852750,2,17262,4
an806,1,3812831,1143849450,2,19553,4
an807,1,3812842,1143852750,2,17730,4
an808,8,3815653,1144696050,1,48,4
an812,7,3806704,1142011350,1,604,4
an814,2,3782266,1134679950,1,8,4
an814,2,3782267,1134680250,1,8,4
an814,2,3782448,1134734550,1,11,4
an817,1,3812842,1143852750,1,20,4
an818,1,3812842,1143852750,2,18793,4
an820,1,3812842,1143852750,2,20240,4
an824,1,3812842,1143852750,2,26596,4
an826,1,3812842,1143852750,2,18777,4
an83,1,3812842,1143852750,1,58,4
an834,1,3804446,1141333950,1,1,1
an834,1,3813603,1144081050,1,4,4
an835,1,3812842,1143852750,2,17690,4
an850,1,3812842,1143852750,2,21760,4
an853,1,3820238,1146071550,1,7,4
an853,1,3822340,1146702150,1,2,2
an854,1,3812842,1143852750,1,8,4
an88,1,3812842,1143852750,1,11,4
an888,1,3806569,1141970850,1,2,2
an888,1,3812833,1143850050,2,20993,4
an89,1,3812842,1143852750,1,14,4
an895,1,3775461,1132638450,1,32,4
an895,1,3775763,1132729050,1,1651,4
an895,1,3821745,1146523650,1,183,4
an90,1,3806891,1142067450,1,599,4
an921,1,3830729,1149218850,1,1478,4
an925,1,3811985,1143595650,1,851,4
an925,1,3813185,1143955650,1,147,4
an925,2,3787922,1136376750,1,196,4
an925,2,3787926,1136377950,1,196,4
an925,2,3787953,1136386050,1,461,4
an925,3,3787953,1136386050,1,461,4
an925,7,3787922,1136376750,1,196,4
an925,7,3811985,1143595650,1,851,4
an925,7,3813185,1143955650,1,147,4
an925,7,3814474,1144342350,1,31,4
an925,7,3821716,1146514950,1,33,4
an930,7,3831161,1149348450,1,5,4
an933,1,3772964,1131889350,1,1436,4
an94,1,3812842,1143852750,1,21,4
an940,1,3833512,1150053750,1,1540,4
an950,1,3787985,1136395650,1,716,4
an950,1,3812231,1143669450,1,1241,4
an950,1,3813828,1144148550,1,154,4
an950,1,3814435,1144330650,1,615,4
an950,1,3819622,1145886750,1,642,4
an950,1,3821521,1146456450,1,370,4
an950,3,3813065,1143919650,1,764,4
an950,7,3787921,1136376450,1,106,4
an950,7,3787985,1136395650,1,716,4
an950,7,3812230,1143669150,1,1241,4
an950,7,3812231,1143669450,1,1241,4
an950,7,3813065,1143919650,1,764,4
an950,7,3813067,1143920250,1,798,4
an950,7,3813083,1143925050,1,500,4
an950,7,3813828,1144148550,1,154,4
an950,7,3814435,1144330650,1,615,4
an950,7,3818606,1145581950,1,320,4
an950,7,3819622,1145886750,1,642,4
an950,7,3819753,1145926050,1,161,4
an950,7,3821066,1146319950,1,515,4
an950,7,3821521,1146456450,1,370,4
an950,7,3823156,1146946950,1,700,4
an950,7,3825924,1147777350,1,149,4
an950,7,3825992,1147797750,1,518,4
an950,7,3826275,1147882650,1,687,4
an957,1,3812833,1143850050,2,16263,4
an96,1,3810691,1143207450,1,290,4
an983,1,3778560,1133568150,1,380,4
an993,1,3821923,1146577050,1,93,4
bn100,8,3816573,1144972050,1,16,4
bn1002,1,3816617,1144985250,1,8,4
bn1003,1,3816617,1144985250,1,6,4
bn101,2,3782688,1134806550,1,1,1
bn101,8,3816573,1144972050,1,14,4
bn102,8,3816573,1144972050,1,13,4
bn1022,1,3819785,1145935650,1,377,4
bn1024,1,3816618,1144985550,1,6,4
bn103,1,3816617,1144985250,1,16,4
bn103,1,3834644,1150393350,1,288,4
bn103,7,3834644,1150393350,1,288,4
bn103,8,3816573,1144972050,1,14,4
bn104,1,3816616,1144984950,1,6,4
bn105,8,3816573,1144972050,1,16,4
bn106,8,3816573,1144972050,1,18,4
bn108,1,3816618,1144985550,1,24,4
bn108,8,3816573,1144972050,1,27,4
bn109,8,3816573,1144972050,1,16,4
bn11,8,3816573,1144972050,1,12,4
bn110,1,3816618,1144985550,1,8,4
bn110,8,3816573,1144972050,1,14,4
bn111,8,3816573,1144972050,1,13,4
bn112,1,3778914,1133674350,1,528,4
bn112,3,3779351,1133805450,1,689,4
bn112,8,3816573,1144972050,1,16,4
bn113,1,3816615,1144984650,1,12,4
bn113,8,3816573,1144972050,1,19,4
bn114,8,3816573,1144972050,1,18,4
bn115,1,3837867,1151360250,1,1448,4
bn115,8,3816573,1144972050,1,25,4
bn116,8,3816573,1144972050,1,13,4
bn117,8,3816573,1144972050,1,15,4
bn118,8,3816573,1144972050,1,18,4
bn119,1,3813908,1144172550,1,345,4
bn12,8,3816573,1144972050,1,16,4
bn120,1,3816617,1144985250,1,12,4
bn120,8,3816573,1144972050,1,11,4
bn121,8,3816573,1144972050,1,14,4
bn122,1,3816617,1144985250,1,15,4
bn123,8,3816573,1144972050,1,16,4
bn124,8,3816573,1144972050,1,13,4
bn125,1,3816617,1144985250,1,10,4
bn125,8,3816573,1144972050,1,13,4
bn126,1,3816618,1144985550,1,7,4
bn126,8,3816573,1144972050,1,14,4
bn128,8,3816573,1144972050,1,10,4
bn129,8,3816573,1144972050,1,16,4
bn130,8,3816573,1144972050,1,14,4
bn131,8,3816573,1144972050,1,14,4
bn132,8,3816573,1144972050,1,16,4
bn133,1,3816618,1144985550,1,13,4
bn133,8,3816573,1144972050,1,13,4
bn134,1,3816618,1144985550,1,12,4
bn134,8,3816573,1144972050,1,13,4
bn135,8,3816573,1144972050,1,67,4
bn137,8,3816573,1144972050,1,13,4
bn138,8,3816573,1144972050,1,13,4
bn139,8,3816573,1144972050,1,18,4
bn14,8,3816573,1144972050,1,15,4
bn140,8,3816573,1144972050,1,38,4
bn141,8,3816573,1144972050,1,20,4
bn142,8,3816573,1144972050,1,10,4
bn143,8,3816573,1144972050,1,20,4
bn144,8,3816573,1144972050,1,28,4
bn145,1,3816617,1144985250,1,11,4
bn145,8,3816573,1144972050,1,57,4
bn146,1,3816616,1144984950,1,9,4
bn146,8,3816573,1144972050,1,16,4
bn147,8,3816573,1144972050,1,17,4
bn148,1,3816617,1144985250,1,8,4
bn148,8,3816573,1144972050,1,13,4
bn149,8,3816573,1144972050,1,21,4
bn150,8,3816573,1144972050,1,12,4
bn152,1,3816618,1144985550,1,5,4
bn152,8,3816573,1144972050,1,10,4
bn154,8,3816573,1144972050,1,14,4
bn155,1,3816616,1144984950,1,11,4
bn155,8,3816573,1144972050,1,13,4
bn156,8,3816573,1144972050,1,33,4
bn157,8,3816573,1144972050,1,10,4
bn158,1,3816616,1144984950,1,14,4
bn158,8,3816573,1144972050,1,15,4
bn159,8,3816573,1144972050,1,15,4
bn16,8,3816573,1144972050,1,54,4
bn160,1,3816616,1144984950,1,26,4
bn160,8,3816573,1144972050,1,20,4
bn161,8,3816573,1144972050,1,16,4
bn162,1,3816618,1144985550,1,7,4
bn162,8,3816573,1144972050,1,14,4
bn163,1,3816617,1144985250,1,26,4
bn163,8,3816573,1144972050,1,12,4
bn164,8,3816573,1144972050,1,13,4
bn165,1,3816617,1144985250,1,11,4
bn165,8,3816573,1144972050,1,16,4
bn166,8,3816573,1144972050,1,12,4
bn167,1,3811640,1143492150,1,1403,4
bn167,8,3833857,1150157250,1,21,4
bn169,8,3816573,1144972050,1,15,4
bn17,8,3816573,1144972050,1,15,4
bn171,8,3816573,1144972050,1,11,4
bn172,8,3816573,1144972050,1,26,4
bn173,8,3816573,1144972050,1,164,4
bn174,8,3816573,1144972050,1,17,4
bn176,1,3816616,1144984950,1,27,4
bn176,8,3816573,1144972050,1,15,4
bn177,1,3816616,1144984950,1,40,4
bn177,8,3816573,1144972050,1,10,4
bn178,8,3816573,1144972050,1,14,4
bn179,8,3816573,1144972050,1,9,4
bn18,8,3816573,1144972050,1,13,4
bn180,8,3816573,1144972050,1,15,4
bn181,8,3816573,1144972050,1,15,4
bn185,8,3816573,1144972050,1,13,4
bn186,1,3838797,1151639250,1,1506,4
bn189,1,3816617,1144985250,1,154,4
bn189,8,3816573,1144972050,1,157,4
bn19,8,3816573,1144972050,1,15,4
bn192,1,3816616,1144984950,1,5,4
bn192,8,3816573,1144972050,1,14,4
bn194,8,3816573,1144972050,1,12,4
bn195,8,3816573,1144972050,1,75,4
bn196,8,3816573,1144972050,1,16,4
bn197,1,3816617,1144985250,1,14,4
bn197,8,3816573,1144972050,1,10,4
bn198,8,3816573,1144972050,1,14,4
bn199,1,3816618,1144985550,1,21,4
bn200,8,3816573,1144972050,1,18,4
bn201,8,3816573,1144972050,1,15,4
bn202,8,3816573,1144972050,1,14,4
bn203,8,3816573,1144972050,1,12,4
bn204,8,3816573,1144972050,1,13,4
bn205,1,3816616,1144984950,1,13,4
bn205,8,3816573,1144972050,1,13,4
bn206,8,3816573,1144972050,1,25,4
bn207,1,3816617,1144985250,1,33,4
bn207,8,3816573,1144972050,1,13,4
bn208,8,3816573,1144972050,1,13,4
bn209,8,3816573,1144972050,1,9,4
bn21,8,3816573,1144972050,1,14,4
bn210,8,3816573,1144972050,1,16,4
bn211,8,3816573,1144972050,1,15,4
bn212,1,3816616,1144984950,1,23,4
bn212,8,3816573,1144972050,1,9,4
bn213,8,3816573,1144972050,1,18,4
bn214,8,3816573,1144972050,1,14,4
bn215,8,3816573,1144972050,1,16,4
bn217,8,3816573,1144972050,1,16,4
bn219,8,3816573,1144972050,1,16,4
bn22,8,3816573,1144972050,1,32,4
bn220,1,3816616,1144984950,1,49,4
bn220,8,3816573,1144972050,1,15,4
bn221,8,3816573,1144972050,1,18,4
bn225,1,3816616,1144984950,1,5,4
bn225,8,3816573,1144972050,1,16,4
bn226,8,3816573,1144972050,1,90,4
bn23,8,3816573,1144972050,1,14,4
bn231,1,3796783,1139035050,1,25,4
bn232,1,3816616,1144984950,1,95,4
bn234,1,3816616,1144984950,1,11,4
bn235,1,3816616,1144984950,1,11,4
bn235,8,3816573,1144972050,1,16,4
bn238,1,3810576,1143172950,1,1340,4
bn239,1,3816615,1144984650,1,35,4
bn239,8,3816573,1144972050,1,12,4
bn24,8,3816573,1144972050,1,16,4
bn240,1,3827703,1148311050,1,1276,4
bn243,1,3779700,1133910150,1,945,4
bn243,1,3794343,1138303050,1,246,4
bn243,1,3810592,1143177750,1,7,4
bn243,1,3812598,1143779550,1,19,4
bn243,1,3814595,1144378650,1,11,4
bn243,1,3814825,1144447650,1,214,4
bn243,1,3819952,1145985750,1,553,4
bn243,3,3779699,1133909850,1,946,4
bn243,3,3794104,1138231350,1,1157,4
bn243,3,3794343,1138303050,1,246,4
bn244,1,3816615,1144984650,1,33,4
bn244,1,3826511,1147953450,1,1498,4
bn244,8,3816573,1144972050,1,13,4
bn247,1,3816616,1144984950,1,16,4
bn247,8,3816573,1144972050,1,9,4
bn25,8,3816573,1144972050,1,37,4
bn254,8,3816573,1144972050,1,87,4
bn256,1,3816617,1144985250,1,13,4
bn257,1,3772285,1131685650,1,1177,4
bn257,1,3816616,1144984950,1,10,4
bn257,8,3816573,1144972050,1,12,4
bn26,1,3816616,1144984950,1,17,4
bn26,8,3816573,1144972050,1,18,4
bn261,1,3816617,1144985250,1,27,4
bn261,8,3816573,1144972050,1,83,4
bn262,1,3816616,1144984950,1,44,4
bn262,8,3816573,1144972050,1,47,4
bn264,1,3816616,1144984950,1,18,4
bn264,8,3816573,1144972050,1,11,4
bn268,8,3816573,1144972050,1,10,4
bn27,1,3816617,1144985250,1,10,4
bn270,1,3816617,1144985250,1,29,4
bn270,8,3816573,1144972050,1,11,4
bn276,1,3816615,1144984650,1,15,4
bn276,8,3816573,1144972050,1,13,4
bn28,1,3816615,1144984650,1,10,4
bn28,8,3816573,1144972050,1,14,4
bn284,1,3816616,1144984950,1,121,4
bn284,8,3816573,1144972050,1,10,4
bn285,1,3814357,1144307250,1,424,4
bn288,8,3798418,1139525550,1,12,4
bn288,8,3798419,1139525850,1,12,4
bn289,1,3807792,1142337750,1,14,4
bn289,2,3806771,1142031450,1,57,4
bn289,2,3806772,1142031750,1,57,4
bn289,2,3806928,1142078550,1,16,4
bn289,2,3807216,1142164950,1,16,4
bn289,2,3807504,1142251350,1,16,4
bn289,2,3807792,1142337750,1,14,4
bn289,2,3807798,1142339550,1,14,4
bn289,2,3808080,1142424150,1,16,4
bn289,7,3806770,1142031150,1,57,4
bn289,7,3806771,1142031450,1,57,4
bn289,8,3798418,1139525550,1,7,4
bn29,1,3816616,1144984950,1,10,4
bn290,8,3798418,1139525550,1,9,4
bn290,8,3798419,1139525850,1,9,4
bn293,1,3811362,1143408750,1,61,4
bn293,2,3811359,1143407850,1,62,4
bn293,2,3811362,1143408750,1,61,4
bn293,2,3811538,1143461550,1,8,4
bn293,2,3811894,1143568350,1,557,4
bn293,7,3811359,1143407850,1,62,4
bn293,8,3836480,1150944150,1,91,4
bn293,8,3836481,1150944450,1,91,4
bn294,1,3816616,1144984950,1,7,4
bn294,8,3816573,1144972050,1,12,4
bn295,1,3816616,1144984950,1,7,4
bn295,8,3816573,1144972050,1,19,4
bn297,1,3816618,1144985550,1,18,4
bn297,8,3816573,1144972050,1,57,4
bn299,1,3816618,1144985550,1,48,4
bn299,8,3816573,1144972050,1,134,4
bn3,8,3816573,1144972050,1,87,4
bn30,1,3816616,1144984950,1,11,4
bn301,1,3816616,1144984950,1,13,4
bn301,8,3816573,1144972050,1,12,4
bn303,1,3816617,1144985250,1,16,4
bn303,8,3816573,1144972050,1,10,4
bn305,8,3816573,1144972050,1,13,4
bn308,1,3816616,1144984950,1,10,4
bn309,1,3816617,1144985250,1,155,4
bn31,1,3816616,1144984950,1,46,4
bn31,8,3816573,1144972050,1,16,4
bn310,8,3816573,1144972050,1,173,4
bn314,8,3816573,1144972050,1,12,4
bn315,8,3816573,1144972050,1,12,4
bn318,1,3816617,1144985250,1,13,4
bn319,8,3816573,1144972050,1,10,4
bn320,1,3816617,1144985250,1,5,4
bn320,8,3816573,1144972050,1,10,4
bn322,1,3816617,1144985250,1,9,4
bn327,1,3816617,1144985250,1,23,4
bn327,8,3816573,1144972050,1,10,4
bn329,1,3816618,1144985550,1,25,4
bn329,8,3816573,1144972050,1,99,4
bn33,1,3816616,1144984950,1,21,4
bn33,8,3816573,1144972050,1,41,4
bn330,8,3816573,1144972050,1,36,4
bn331,8,3816573,1144972050,1,9,4
bn332,1,3821784,1146535350,1,1139,4
bn333,1,3816616,1144984950,1,5,4
bn333,8,3816573,1144972050,1,11,4
bn334,1,3816617,1144985250,1,20,4
bn335,1,3816617,1144985250,1,13,4
bn335,8,3816573,1144972050,1,12,4
bn336,8,3816573,1144972050,1,14,4
bn336,9,3813908,1144172550,1,14,4
bn337,1,3816617,1144985250,1,103,4
bn337,8,3816573,1144972050,1,27,4
bn338,8,3816573,1144972050,1,10,4
bn34,8,3816573,1144972050,1,15,4
bn342,8,3816573,1144972050,1,11,4
bn343,1,3830250,1149075150,1,143,4
bn343,7,3830250,1149075150,1,143,4
bn344,1,3816618,1144985550,1,4,4
bn344,8,3816573,1144972050,1,11,4
bn345,8,3816573,1144972050,1,13,4
bn346,8,3816573,1144972050,1,20,4
bn347,8,3816573,1144972050,1,9,4
bn348,8,3810195,1143058650,1,58,4
bn348,8,3810196,1143058950,1,58,4
bn348,8,3810197,1143059250,1,58,4
bn348,8,3810198,1143059550,1,57,4
bn348,8,3816573,1144972050,1,10,4
bn35,1,3816617,1144985250,1,6,4
bn35,8,3816573,1144972050,1,16,4
bn350,1,3816618,1144985550,1,8,4
bn350,8,3810195,1143058650,1,58,4
bn350,8,3810196,1143058950,1,58,4
bn350,8,3810197,1143059250,1,58,4
bn350,8,3810198,1143059550,1,58,4
bn350,8,3816573,1144972050,1,10,4
bn351,8,3810195,1143058650,1,58,4
bn351,8,3810196,1143058950,1,58,4
bn351,8,3810197,1143059250,1,58,4
bn351,8,3810198,1143059550,1,58,4
bn351,8,3816573,1144972050,1,12,4
bn352,8,3810195,1143058650,1,59,4
bn352,8,3810196,1143058950,1,59,4
bn352,8,3810197,1143059250,1,59,4
bn352,8,3810198,1143059550,1,58,4
bn352,8,3816573,1144972050,1,11,4
bn353,8,3810195,1143058650,1,60,4
bn353,8,3810196,1143058950,1,60,4
bn353,8,3810197,1143059250,1,60,4
bn353,8,3810198,1143059550,1,60,4
bn353,8,3816573,1144972050,1,12,4
bn354,1,3816617,1144985250,1,7,4
bn354,8,3816573,1144972050,1,13,4
bn355,1,3816617,1144985250,1,10,4
bn355,8,3810195,1143058650,1,60,4
bn355,8,3810196,1143058950,1,60,4
bn355,8,3810197,1143059250,1,60,4
bn355,8,3810198,1143059550,1,60,4
bn356,1,3816616,1144984950,1,8,4
bn356,8,3810195,1143058650,1,61,4
bn356,8,3810196,1143058950,1,61,4
bn356,8,3810197,1143059250,1,61,4
bn356,8,3810198,1143059550,1,61,4
bn356,8,3816573,1144972050,1,16,4
bn357,1,3816617,1144985250,1,6,4
bn357,8,3810195,1143058650,1,62,4
bn357,8,3810196,1143058950,1,62,4
bn357,8,3810197,1143059250,1,62,4
bn357,8,3810198,1143059550,1,62,4
bn357,8,3816573,1144972050,1,14,4
bn358,8,3810195,1143058650,1,64,4
bn358,8,3810196,1143058950,1,64,4
bn358,8,3810197,1143059250,1,64,4
bn358,8,3810198,1143059550,1,63,4
bn359,8,3810195,1143058650,1,63,4
bn359,8,3810196,1143058950,1,63,4
bn359,8,3810197,1143059250,1,62,4
bn359,8,3810198,1143059550,1,61,4
bn36,1,3816615,1144984650,1,108,4
bn36,8,3816573,1144972050,1,11,4
bn360,8,3816573,1144972050,1,60,4
bn361,8,3816573,1144972050,1,106,4
bn362,8,3816573,1144972050,1,40,4
bn363,1,3816617,1144985250,1,28,4
bn363,8,3816573,1144972050,1,48,4
bn364,8,3816573,1144972050,1,11,4
bn365,1,3809537,1142861250,1,1455,4
bn365,8,3833857,1150157250,1,12,4
bn367,1,3816617,1144985250,1,19,4
bn370,1,3816618,1144985550,1,6,4
bn370,8,3816573,1144972050,1,13,4
bn372,1,3809900,1142970150,1,14,4
bn372,1,3812031,1143609450,1,6,4
bn373,1,3816616,1144984950,1,11,4
bn373,8,3816573,1144972050,1,12,4
bn374,8,3816573,1144972050,1,10,4
bn376,4,3809038,1142711550,1,8,4
bn378,8,3816573,1144972050,1,14,4
bn379,1,3816618,1144985550,1,11,4
bn38,8,3816573,1144972050,1,14,4
bn380,1,3816617,1144985250,1,16,4
bn380,8,3816573,1144972050,1,55,4
bn381,1,3816617,1144985250,1,10,4
bn381,8,3816573,1144972050,1,13,4
bn382,8,3816573,1144972050,1,13,4
bn384,1,3816616,1144984950,1,15,4
bn386,1,3816618,1144985550,1,80,4
bn387,1,3816616,1144984950,1,71,4
bn388,1,3816617,1144985250,1,13,4
bn39,8,3816573,1144972050,1,14,4
bn390,1,3837867,1151360250,1,1431,4
bn391,1,3816617,1144985250,1,11,4
bn393,1,3816617,1144985250,1,10,4
bn394,1,3816618,1144985550,1,11,4
bn396,7,3839173,1151752050,1,23,4
bn40,1,3804642,1141392750,1,151,4
bn400,1,3816617,1144985250,1,8,4
bn403,1,3816617,1144985250,1,14,4
bn404,1,3816618,1144985550,1,11,4
bn408,1,3816617,1144985250,1,5,4
bn410,1,3775763,1132729050,1,56,4
bn410,1,3788312,1136493750,1,2260,4
bn410,1,3788600,1136580150,1,7,4
bn410,1,3806811,1142043450,1,8,4
bn410,1,3812600,1143780150,1,17,4
bn410,1,3814598,1144379550,1,66,4
bn410,1,3814828,1144448550,1,11,4
bn410,1,3832179,1149653850,1,9,4
bn410,1,3833894,1150168350,1,7,4
bn412,1,3816616,1144984950,1,7,4
bn413,1,3816616,1144984950,1,38,4
bn414,1,3816616,1144984950,1,22,4
bn42,1,3816617,1144985250,1,11,4
bn420,1,3816617,1144985250,1,21,4
bn423,1,3816617,1144985250,1,10,4
bn425,1,3797712,1139313750,1,298,4
bn425,1,3804029,1141208850,1,149,4
bn425,1,3812963,1143889050,1,156,4
bn425,1,3819004,1145701350,1,149,4
bn425,1,3840042,1152012750,1,153,4
bn425,2,3797712,1139313750,1,298,4
bn425,2,3797713,1139314050,1,302,4
bn425,2,3798060,1139418150,1,1446,4
bn425,2,3798288,1139486550,1,1809,4
bn425,2,3798576,1139572950,1,2529,4
bn425,2,3798690,1139607150,1,2876,4
bn425,2,3799825,1139947650,1,6474,4
bn425,2,3799841,1139952450,1,6471,4
bn425,2,3800740,1140222150,1,8624,4
bn425,2,3801786,1140535950,1,12222,4
bn425,7,3797712,1139313750,1,298,4
bn425,7,3804029,1141208850,1,149,4
bn425,7,3812963,1143889050,1,156,4
bn425,7,3819004,1145701350,1,149,4
bn425,7,3840042,1152012750,1,153,4
bn426,1,3816617,1144985250,1,8,4
bn43,1,3816617,1144985250,1,13,4
bn43,8,3816573,1144972050,1,15,4
bn433,1,3795855,1138756650,1,1145,4
bn433,1,3816617,1144985250,1,11,4
bn434,1,3833842,1150152750,1,880,4
bn435,1,3833842,1150152750,1,874,4
bn437,1,3833842,1150152750,1,1016,4
bn438,1,3837897,1151369250,1,1156,4
bn438,8,3836480,1150944150,1,60,4
bn439,1,3816617,1144985250,1,12,4
bn439,1,3833841,1150152450,1,851,4
bn44,8,3816573,1144972050,1,16,4
bn442,1,3833842,1150152750,1,1020,4
bn444,1,3816618,1144985550,1,8,4
bn444,1,3833842,1150152750,1,905,4
bn445,1,3833841,1150152450,1,846,4
bn45,8,3816573,1144972050,1,15,4
bn451,1,3816616,1144984950,1,6,4
bn454,1,3816618,1144985550,1,7,4
bn455,1,3816617,1144985250,1,24,4
bn458,1,3816618,1144985550,1,9,4
bn459,1,3816616,1144984950,1,23,4
bn46,8,3816573,1144972050,1,16,4
bn461,1,3816616,1144984950,1,18,4
bn462,1,3816617,1144985250,1,18,4
bn465,1,3816617,1144985250,1,15,4
bn467,1,3816618,1144985550,1,35,4
bn47,8,3816573,1144972050,1,14,4
bn471,1,3793796,1138138950,1,3591,4
bn471,2,3792685,1137805650,1,49,4
bn471,2,3792686,1137805950,1,49,4
bn471,2,3792816,1137844950,1,77,4
bn471,2,3793392,1138017750,1,2526,4
bn471,2,3793796,1138138950,1,3591,4
bn471,2,3794049,1138214850,1,4307,4
bn471,2,3794104,1138231350,1,4309,4
bn471,2,3794323,1138297050,1,5026,4
bn471,2,3794398,1138319550,1,5031,4
bn471,2,3794544,1138363350,1,5379,4
bn471,2,3794610,1138383150,1,5743,4
bn471,2,3794626,1138387950,1,5746,4
bn471,2,3795449,1138634850,1,8613,4
bn471,2,3795501,1138650450,1,8604,4
bn471,3,3795501,1138650450,1,8604,4
bn471,7,3792685,1137805650,1,49,4
bn473,1,3816616,1144984950,1,11,4
bn478,1,3816618,1144985550,1,13,4
bn479,1,3816616,1144984950,1,57,4
bn481,1,3816617,1144985250,1,11,4
bn484,1,3816616,1144984950,1,16,4
bn485,1,3816618,1144985550,1,18,4
bn486,1,3816618,1144985550,1,9,4
bn487,1,3816616,1144984950,1,26,4
bn488,1,3833841,1150152450,1,817,4
bn49,1,3816616,1144984950,1,68,4
bn49,8,3816573,1144972050,1,17,4
bn490,1,3816617,1144985250,1,25,4
bn491,1,3816617,1144985250,1,30,4
bn492,1,3816617,1144985250,1,28,4
bn494,1,3816617,1144985250,1,19,4
bn496,1,3816617,1144985250,1,19,4
bn496,1,3833842,1150152750,1,876,4
bn496,1,3835570,1150671150,1,1261,4
bn499,1,3816617,1144985250,1,10,4
bn5,8,3816573,1144972050,1,73,4
bn50,7,3826631,1147989450,1,5,4
bn501,1,3816618,1144985550,1,13,4
bn501,1,3833842,1150152750,1,1022,4
bn502,1,3816617,1144985250,1,21,4
bn504,1,3831895,1149568650,1,5,4
bn506,1,3816616,1144984950,1,9,4
bn507,1,3816617,1144985250,1,12,4
bn508,2,3806707,1142012250,1,556,4
bn51,8,3816573,1144972050,1,15,4
bn510,1,3816616,1144984950,1,21,4
bn511,1,3816616,1144984950,1,5,4
bn512,1,3816616,1144984950,1,6,4
bn513,1,3816616,1144984950,1,7,4
bn514,1,3816617,1144985250,1,6,4
bn516,1,3816617,1144985250,1,11,4
bn517,1,3816616,1144984950,1,15,4
bn518,1,3816616,1144984950,1,10,4
bn519,2,3805270,1141581150,1,45,4
bn519,2,3805272,1141581750,1,46,4
bn519,2,3805274,1141582350,1,46,4
bn519,2,3805489,1141646850,1,17,4
bn519,2,3805776,1141732950,1,26,4
bn519,2,3806064,1141819350,1,13,4
bn519,2,3806354,1141906350,1,6,4
bn519,2,3806928,1142078550,1,7,4
bn519,2,3806930,1142079150,1,7,4
bn519,2,3807216,1142164950,1,12,4
bn519,2,3807220,1142166150,1,13,4
bn519,2,3807504,1142251350,1,5,4
bn519,2,3807643,1142293050,1,531,4
bn519,7,3805270,1141581150,1,45,4
bn52,8,3816573,1144972050,1,14,4
bn521,1,3807656,1142296950,1,188,4
bn522,1,3803626,1141087950,2,43918,4
bn522,1,3816618,1144985550,1,18,4
bn523,1,3816617,1144985250,1,37,4
bn524,1,3816617,1144985250,1,13,4
bn527,1,3816617,1144985250,1,77,4
bn528,1,3816617,1144985250,1,28,4
bn529,1,3816618,1144985550,1,13,4
bn53,1,3816618,1144985550,1,13,4
bn53,8,3816573,1144972050,1,14,4
bn530,1,3816617,1144985250,1,12,4
bn531,1,3816616,1144984950,1,12,4
bn533,1,3816616,1144984950,1,12,4
bn534,1,3816615,1144984650,1,15,4
bn535,1,3816616,1144984950,1,18,4
bn536,1,3816617,1144985250,1,24,4
bn537,1,3816616,1144984950,1,14,4
bn54,8,3816573,1144972050,1,15,4
bn540,1,3816617,1144985250,1,7,4
bn543,1,3833841,1150152450,1,817,4
bn543,3,3833892,1150167750,1,1236,4
bn545,1,3816617,1144985250,1,7,4
bn55,1,3837358,1151207550,1,5,4
bn552,1,3803607,1141082250,1,5,4
bn552,1,3816616,1144984950,1,5,4
bn553,1,3816616,1144984950,1,10,4
bn558,1,3816616,1144984950,1,5,4
bn56,8,3816573,1144972050,1,10,4
bn560,1,3803628,1141088550,1,1,1
bn561,1,3833842,1150152750,1,879,4
bn561,3,3833892,1150167750,1,1234,4
bn562,1,3833842,1150152750,1,874,4
bn563,1,3816617,1144985250,1,12,4
bn563,1,3833842,1150152750,1,871,4
bn564,1,3816618,1144985550,1,3,3
bn564,1,3833841,1150152450,1,821,4
bn564,3,3833841,1150152450,1,821,4
bn565,1,3816616,1144984950,1,11,4
bn565,1,3833841,1150152450,1,840,4
bn566,1,3816616,1144984950,1,11,4
bn566,1,3833842,1150152750,1,884,4
bn568,1,3833842,1150152750,1,884,4
bn569,1,3816616,1144984950,1,34,4
bn569,1,3833842,1150152750,1,883,4
bn57,1,3816617,1144985250,1,8,4
bn570,1,3833841,1150152450,1,828,4
bn571,1,3816617,1144985250,1,16,4
bn571,1,3833841,1150152450,1,828,4
bn573,1,3816616,1144984950,1,14,4
bn573,1,3833842,1150152750,1,882,4
bn574,1,3816618,1144985550,1,12,4
bn574,1,3833841,1150152450,1,823,4
bn575,1,3833842,1150152750,1,881,4
bn576,1,3833842,1150152750,1,885,4
bn578,1,3816616,1144984950,1,5,4
bn579,1,3816617,1144985250,1,5,4
bn58,8,3816573,1144972050,1,17,4
bn581,1,3816617,1144985250,1,7,4
bn582,1,3816616,1144984950,1,4,4
bn583,1,3816616,1144984950,1,7,4
bn583,1,3817776,1145332950,1,690,4
bn584,1,3816615,1144984650,1,6,4
bn585,1,3816616,1144984950,1,5,4
bn586,1,3816617,1144985250,1,8,4
bn589,1,3816617,1144985250,1,6,4
bn59,1,3816615,1144984650,1,7,4
bn59,8,3816573,1144972050,1,13,4
bn590,1,3803602,1141080750,1,5,4
bn594,1,3816617,1144985250,1,10,4
bn597,1,3816618,1144985550,1,5,4
bn597,8,3833857,1150157250,1,20,4
bn599,1,3816617,1144985250,1,8,4
bn6,8,3816573,1144972050,1,15,4
bn60,8,3816573,1144972050,1,14,4
bn600,1,3798504,1139551350,1,9,4
bn600,1,3816617,1144985250,1,6,4
bn603,1,3816616,1144984950,1,5,4
bn604,1,3793115,1137934650,1,1083,4
bn604,1,3816616,1144984950,1,5,4
bn607,1,3816617,1144985250,1,4,4
bn608,1,3816615,1144984650,1,18,4
bn609,1,3833842,1150152750,1,882,4
bn61,8,3816573,1144972050,1,13,4
bn611,1,3816617,1144985250,1,8,4
bn615,1,3816617,1144985250,1,4,4
bn616,1,3816616,1144984950,1,6,4
bn617,1,3816617,1144985250,1,5,4
bn618,1,3816617,1144985250,1,4,4
bn619,1,3816616,1144984950,1,3,3
bn62,8,3816573,1144972050,1,16,4
bn620,1,3816615,1144984650,1,5,4
bn622,1,3816616,1144984950,1,9,4
bn623,1,3816618,1144985550,1,8,4
bn624,1,3816617,1144985250,1,7,4
bn625,1,3816617,1144985250,1,4,4
bn625,1,3833842,1150152750,1,878,4
bn63,1,3816617,1144985250,1,12,4
bn63,8,3816573,1144972050,1,17,4
bn634,1,3816617,1144985250,1,4,4
bn635,1,3816616,1144984950,1,10,4
bn636,1,3816616,1144984950,1,4,4
bn637,1,3816616,1144984950,1,6,4
bn639,1,3816616,1144984950,1,4,4
bn64,1,3816618,1144985550,1,8,4
bn64,8,3816573,1144972050,1,17,4
bn641,1,3816617,1144985250,1,6,4
bn642,1,3816617,1144985250,1,8,4
bn642,1,3839023,1151707050,1,750,4
bn645,1,3816616,1144984950,1,14,4
bn646,1,3816617,1144985250,1,6,4
bn65,8,3816573,1144972050,1,16,4
bn650,1,3816617,1144985250,1,36,4
bn653,1,3804943,1141483050,1,1479,4
bn654,1,3816617,1144985250,1,6,4
bn655,1,3816616,1144984950,1,11,4
bn657,7,3813335,1144000650,1,162,4
bn657,7,3813336,1144000950,1,174,4
bn657,7,3813337,1144001250,1,184,4
bn658,1,3816617,1144985250,1,6,4
bn659,1,3816617,1144985250,1,9,4
bn66,1,3816616,1144984950,1,7,4
bn66,8,3816573,1144972050,1,15,4
bn660,1,3816617,1144985250,1,6,4
bn660,1,3834230,1150269150,1,1385,4
bn663,1,3816616,1144984950,1,14,4
bn666,1,3816616,1144984950,1,12,4
bn667,1,3816618,1144985550,1,36,4
bn668,1,3816617,1144985250,1,22,4
bn669,1,3816618,1144985550,1,12,4
bn67,1,3816617,1144985250,1,12,4
bn67,1,3835884,1150765350,1,989,4
bn67,8,3816573,1144972050,1,15,4
bn670,1,3793115,1137934650,1,1077,4
bn670,1,3816616,1144984950,1,44,4
bn671,1,3816617,1144985250,1,9,4
bn673,1,3816617,1144985250,1,7,4
bn674,1,3816616,1144984950,1,4,4
bn675,1,3816616,1144984950,1,6,4
bn678,1,3816615,1144984650,1,9,4
bn679,1,3816617,1144985250,1,4,4
bn68,8,3816573,1144972050,1,20,4
bn681,1,3816616,1144984950,1,2,2
bn683,3,3811933,1143580050,1,108,4
bn683,3,3812461,1143738450,1,448,4
bn683,7,3790012,1137003750,1,548,4
bn683,7,3812461,1143738450,1,448,4
bn683,7,3812557,1143767250,1,460,4
bn688,1,3837897,1151369250,1,1126,4
bn69,8,3816573,1144972050,1,16,4
bn693,1,3816616,1144984950,1,3,3
bn694,1,3816617,1144985250,1,10,4
bn695,1,3833842,1150152750,1,882,4
bn695,3,3833892,1150167750,1,1235,4
bn696,1,3816617,1144985250,1,13,4
bn698,1,3816617,1144985250,1,5,4
bn699,1,3816616,1144984950,1,8,4
bn7,8,3816573,1144972050,1,15,4
bn70,8,3816573,1144972050,1,16,4
bn700,1,3816616,1144984950,1,8,4
bn701,1,3816618,1144985550,1,17,4
bn702,1,3816616,1144984950,1,13,4
bn703,1,3816617,1144985250,1,5,4
bn705,1,3793615,1138084650,1,6,4
bn706,1,3816618,1144985550,1,12,4
bn71,1,3816618,1144985550,1,19,4
bn71,8,3816573,1144972050,1,16,4
bn710,1,3816618,1144985550,1,6,4
bn711,1,3803600,1141080150,1,194,4
bn711,3,3822286,1146685950,1,807,4
bn712,1,3816618,1144985550,1,9,4
bn715,1,3816616,1144984950,1,80,4
bn719,1,3816617,1144985250,1,12,4
bn72,1,3803623,1141087050,1,209,4
bn72,1,3816617,1144985250,1,13,4
bn72,8,3816573,1144972050,1,11,4
bn72,9,3797508,1139252550,1,4,4
bn721,1,3816618,1144985550,1,5,4
bn725,1,3816618,1144985550,1,8,4
bn725,2,3776058,1132817550,1,5,4
bn726,1,3816618,1144985550,1,59,4
bn731,1,3816617,1144985250,1,38,4
bn733,1,3816616,1144984950,1,6,4
bn734,1,3816618,1144985550,1,12,4
bn737,1,3816618,1144985550,1,5,4
bn739,1,3816616,1144984950,1,6,4
bn74,8,3816573,1144972050,1,10,4
bn741,1,3816617,1144985250,1,8,4
bn744,1,3816616,1144984950,1,6,4
bn745,1,3813843,1144153050,1,2,2
bn75,1,3816618,1144985550,1,11,4
bn75,8,3816573,1144972050,1,14,4
bn754,1,3816617,1144985250,1,24,4
bn756,1,3816618,1144985550,1,18,4
bn758,1,3816618,1144985550,1,7,4
bn76,8,3816573,1144972050,1,17,4
bn760,7,3808029,1142408850,1,10,4
bn768,1,3816616,1144984950,1,8,4
bn77,1,3816616,1144984950,1,14,4
bn77,8,3816573,1144972050,1,71,4
bn770,1,3816618,1144985550,1,9,4
bn775,1,3816616,1144984950,1,6,4
bn779,1,3816617,1144985250,1,4,4
bn78,1,3816616,1144984950,1,19,4
bn782,1,3816616,1144984950,1,23,4
bn785,1,3816617,1144985250,1,9,4
bn786,1,3816617,1144985250,1,81,4
bn787,1,3816618,1144985550,1,6,4
bn79,8,3816573,1144972050,1,14,4
bn792,1,3816617,1144985250,1,7,4
bn793,1,3816616,1144984950,1,7,4
bn795,1,3816617,1144985250,1,12,4
bn796,1,3816616,1144984950,1,13,4
bn80,1,3816616,1144984950,1,14,4
bn80,8,3816573,1144972050,1,13,4
bn800,1,3816617,1144985250,1,20,4
bn805,1,3816616,1144984950,1,6,4
bn807,2,3807810,1142343150,1,42,4
bn807,2,3807813,1142344050,1,42,4
bn807,2,3807828,1142348550,1,10,4
bn807,2,3808080,1142424150,1,10,4
bn807,2,3808370,1142511150,1,5,4
bn807,2,3808656,1142596950,1,2,2
bn807,7,3807810,1142343150,1,42,4
bn808,1,3816618,1144985550,1,12,4
bn809,1,3816618,1144985550,1,16,4
bn81,1,3816615,1144984650,1,5,4
bn81,8,3816573,1144972050,1,11,4
bn818,1,3831055,1149316650,1,1404,4
bn82,8,3816573,1144972050,1,14,4
bn820,1,3816618,1144985550,1,14,4
bn821,1,3816616,1144984950,1,8,4
bn822,1,3816617,1144985250,1,14,4
bn826,1,3816618,1144985550,1,17,4
bn83,1,3816615,1144984650,1,9,4
bn83,8,3816573,1144972050,1,15,4
bn831,1,3816616,1144984950,1,74,4
bn838,1,3816618,1144985550,1,4,4
bn84,1,3816618,1144985550,1,14,4
bn84,8,3816573,1144972050,1,13,4
bn840,1,3816616,1144984950,1,9,4
bn844,1,3793288,1137986550,1,1468,4
bn844,1,3808605,1142581650,1,1467,4
bn844,1,3828828,1148648550,1,912,4
bn848,1,3816617,1144985250,1,4,4
bn85,1,3816617,1144985250,1,8,4
bn85,8,3816573,1144972050,1,16,4
bn850,1,3816618,1144985550,1,11,4
bn857,1,3837867,1151360250,1,1427,4
bn857,3,3837885,1151365650,1,1770,4
bn858,1,3816617,1144985250,1,8,4
bn858,1,3837867,1151360250,1,1434,4
bn859,1,3794624,1138387350,1,782,4
bn86,8,3816573,1144972050,1,44,4
bn860,1,3837867,1151360250,1,1443,4
bn861,1,3816618,1144985550,1,49,4
bn864,1,3836450,1150935150,1,50,4
bn867,1,3816617,1144985250,1,8,4
bn869,1,3816617,1144985250,1,6,4
bn87,1,3816616,1144984950,1,13,4
bn87,8,3816573,1144972050,1,16,4
bn870,1,3816618,1144985550,1,8,4
bn871,1,3816616,1144984950,1,6,4
bn872,1,3816616,1144984950,1,4,4
bn875,2,3798321,1139496450,1,108,4
bn875,2,3799156,1139746950,1,3008,4
bn875,2,3799295,1139788650,1,3606,4
bn875,2,3799728,1139918550,1,4683,4
bn875,2,3799776,1139932950,1,5032,4
bn875,2,3799841,1139952450,1,5036,4
bn875,2,3800304,1140091350,1,6123,4
bn875,2,3800740,1140222150,1,7186,4
bn875,2,3801456,1140436950,1,9719,4
bn875,7,3798321,1139496450,1,108,4
bn88,1,3816617,1144985250,1,21,4
bn88,8,3816573,1144972050,1,12,4
bn880,9,3798678,1139603550,1,13,4
bn882,1,3816618,1144985550,1,8,4
bn884,1,3816616,1144984950,1,5,4
bn89,8,3816573,1144972050,1,17,4
bn891,1,3816617,1144985250,1,39,4
bn893,1,3816617,1144985250,1,16,4
bn896,1,3819546,1145863950,1,1635,4
bn896,3,3819546,1145863950,1,1635,4
bn897,1,3772547,1131764250,1,628,4
bn899,1,3816616,1144984950,1,5,4
bn90,1,3816618,1144985550,1,12,4
bn90,8,3816573,1144972050,1,14,4
bn901,1,3816616,1144984950,1,7,4
bn902,1,3816616,1144984950,1,3,3
bn908,1,3816617,1144985250,1,4,4
bn91,4,3779426,1133827950,1,490,4
bn910,1,3816616,1144984950,1,5,4
bn911,1,3816616,1144984950,1,3,3
bn912,1,3816616,1144984950,1,4,4
bn913,1,3816616,1144984950,1,9,4
bn914,1,3816617,1144985250,1,4,4
bn919,1,3816617,1144985250,1,19,4
bn92,1,3816615,1144984650,1,25,4
bn92,8,3816573,1144972050,1,21,4
bn922,1,3816618,1144985550,1,5,4
bn923,1,3816617,1144985250,1,26,4
bn929,1,3816618,1144985550,1,7,4
bn93,8,3816573,1144972050,1,17,4
bn933,1,3816617,1144985250,1,8,4
bn938,1,3816616,1144984950,1,4,4
bn94,8,3816573,1144972050,1,39,4
bn940,1,3816617,1144985250,1,3,3
bn941,8,3810195,1143058650,1,63,4
bn941,8,3810196,1143058950,1,63,4
bn941,8,3810197,1143059250,1,62,4
bn941,8,3810198,1143059550,1,62,4
bn942,8,3810195,1143058650,1,57,4
bn942,8,3810196,1143058950,1,57,4
bn942,8,3810197,1143059250,1,57,4
bn942,8,3810198,1143059550,1,57,4
bn943,1,3816617,1144985250,1,7,4
bn943,8,3810195,1143058650,1,55,4
bn943,8,3810196,1143058950,1,55,4
bn943,8,3810197,1143059250,1,55,4
bn944,8,3810195,1143058650,1,56,4
bn944,8,3810196,1143058950,1,56,4
bn944,8,3810197,1143059250,1,56,4
bn949,1,3816617,1144985250,1,5,4
bn95,1,3816615,1144984650,1,20,4
bn95,8,3816573,1144972050,1,13,4
bn952,1,3835491,1150647450,1,3,3
bn953,1,3816618,1144985550,1,7,4
bn954,1,3837897,1151369250,1,1116,4
bn955,1,3788210,1136463150,1,150,4
bn955,1,3794349,1138304850,1,150,4
bn955,1,3808137,1142441250,1,153,4
bn955,1,3810272,1143081750,1,146,4
bn955,1,3812689,1143806850,1,153,4
bn955,7,3788210,1136463150,1,150,4
bn955,7,3792022,1137606750,1,715,4
bn955,7,3794349,1138304850,1,150,4
bn955,7,3808137,1142441250,1,153,4
bn955,7,3808138,1142441550,1,153,4
bn955,7,3810272,1143081750,1,146,4
bn955,7,3810273,1143082050,1,146,4
bn955,7,3812234,1143670350,1,563,4
bn955,7,3812557,1143767250,1,638,4
bn955,7,3812689,1143806850,1,153,4
bn957,1,3816617,1144985250,1,4,4
bn957,1,3837897,1151369250,1,1121,4
bn958,1,3837897,1151369250,1,1118,4
bn959,1,3816616,1144984950,1,17,4
bn959,1,3837897,1151369250,1,1120,4
bn96,1,3816616,1144984950,1,6,4
bn96,8,3816573,1144972050,1,11,4
bn960,1,3837897,1151369250,1,1112,4
bn964,1,3816616,1144984950,1,8,4
bn965,1,3816618,1144985550,1,5,4
bn965,8,3810195,1143058650,1,58,4
bn965,8,3810196,1143058950,1,58,4
bn965,8,3810197,1143059250,1,59,4
bn966,1,3816617,1144985250,1,6,4
bn966,8,3810195,1143058650,1,60,4
bn966,8,3810196,1143058950,1,60,4
bn966,8,3810197,1143059250,1,60,4
bn966,8,3837898,1151369550,1,112,4
bn967,1,3816617,1144985250,1,8,4
bn968,1,3816618,1144985550,1,8,4
bn969,1,3816617,1144985250,1,8,4
bn97,1,3816616,1144984950,1,11,4
bn97,1,3837867,1151360250,1,1431,4
bn97,8,3816573,1144972050,1,15,4
bn971,1,3778099,1133429850,1,1599,4
bn971,1,3785300,1135590150,1,1442,4
bn971,1,3812601,1143780450,1,16,4
bn971,1,3814599,1144379850,1,13,4
bn971,1,3819955,1145986650,1,529,4
bn971,1,3820888,1146266550,1,10,4
bn971,1,3825790,1147737150,1,1035,4
bn972,1,3837867,1151360250,1,1432,4
bn972,3,3837885,1151365650,1,1770,4
bn975,1,3816617,1144985250,1,4,4
bn976,1,3816617,1144985250,1,7,4
bn979,1,3816616,1144984950,1,7,4
bn98,8,3816573,1144972050,1,14,4
bn980,1,3816617,1144985250,1,6,4
bn982,1,3816617,1144985250,1,3,3
bn983,1,3816617,1144985250,1,6,4
bn984,1,3816618,1144985550,1,3,3
bn985,1,3816617,1144985250,1,5,4
bn987,1,3816616,1144984950,1,7,4
bn989,1,3810272,1143081750,1,95,4
bn989,1,3832902,1149870750,1,553,4
bn99,8,3816573,1144972050,1,14,4
bn992,1,3816616,1144984950,1,8,4
bn993,1,3816617,1144985250,1,8,4
bn995,1,3816617,1144985250,1,7,4
bn996,1,3816616,1144984950,1,6,4
bn999,1,3816616,1144984950,1,8,4
cn1000,8,3810196,1143058950,1,55,4
cn1000,8,3810197,1143059250,1,55,4
cn1000,8,3824055,1147216650,1,12,4
cn1000,8,3825723,1147717050,1,9,4
cn1001,8,3810196,1143058950,1,58,4
cn1001,8,3810197,1143059250,1,58,4
cn1001,8,3824055,1147216650,1,15,4
cn1001,8,3825723,1147717050,1,12,4
cn1002,8,3810196,1143058950,1,54,4
cn1002,8,3810197,1143059250,1,54,4
cn1002,8,3824055,1147216650,1,15,4
cn1002,8,3825723,1147717050,1,10,4
cn1003,8,3810195,1143058650,1,62,4
cn1003,8,3810196,1143058950,1,61,4
cn1003,8,3810197,1143059250,1,61,4
cn1003,8,3824055,1147216650,1,12,4
cn1003,8,3825723,1147717050,1,11,4
cn1004,8,3810196,1143058950,1,56,4
cn1004,8,3810197,1143059250,1,56,4
cn1004,8,3824055,1147216650,1,11,4
cn1004,8,3825723,1147717050,1,19,4
cn1005,8,3810196,1143058950,1,57,4
cn1005,8,3810197,1143059250,1,57,4
cn1005,8,3824055,1147216650,1,14,4
cn1005,8,3825723,1147717050,1,12,4
cn1006,8,3810196,1143058950,1,52,4
cn1006,8,3810197,1143059250,1,52,4
cn1006,8,3824055,1147216650,1,10,4
cn1006,8,3825723,1147717050,1,11,4
cn1007,8,3810196,1143058950,1,51,4
cn1007,8,3810197,1143059250,1,51,4
cn1007,8,3824055,1147216650,1,12,4
cn1007,8,3825723,1147717050,1,11,4
cn1008,8,3810196,1143058950,1,52,4
cn1008,8,3810197,1143059250,1,51,4
cn1008,8,3824055,1147216650,1,13,4
cn1008,8,3825723,1147717050,1,15,4
cn1009,8,3824055,1147216650,1,12,4
cn1009,8,3825723,1147717050,1,9,4
cn1010,8,3824055,1147216650,1,13,4
cn1010,8,3825723,1147717050,1,11,4
cn1011,8,3810196,1143058950,1,53,4
cn1011,8,3810197,1143059250,1,53,4
cn1011,8,3824055,1147216650,1,12,4
cn1011,8,3825723,1147717050,1,12,4
cn1012,8,3810196,1143058950,1,58,4
cn1012,8,3810197,1143059250,1,56,4
cn1012,8,3824055,1147216650,1,12,4
cn1012,8,3825723,1147717050,1,11,4
cn1013,8,3810196,1143058950,1,55,4
cn1013,8,3810197,1143059250,1,55,4
cn1013,8,3824055,1147216650,1,13,4
cn1013,8,3825723,1147717050,1,11,4
cn1014,8,3810196,1143058950,1,60,4
cn1014,8,3810197,1143059250,1,59,4
cn1014,8,3824055,1147216650,1,12,4
cn1014,8,3825723,1147717050,1,15,4
cn1015,8,3810196,1143058950,1,61,4
cn1015,8,3810197,1143059250,1,61,4
cn1015,8,3824055,1147216650,1,15,4
cn1015,8,3825723,1147717050,1,17,4
cn1016,8,3810196,1143058950,1,59,4
cn1016,8,3810197,1143059250,1,59,4
cn1016,8,3824055,1147216650,1,13,4
cn1016,8,3825723,1147717050,1,13,4
cn1017,8,3824055,1147216650,1,13,4
cn1017,8,3825723,1147717050,1,10,4
cn1018,8,3810196,1143058950,1,57,4
cn1018,8,3810197,1143059250,1,57,4
cn1018,8,3824055,1147216650,1,11,4
cn1018,8,3825723,1147717050,1,11,4
cn1019,8,3810196,1143058950,1,58,4
cn1019,8,3810197,1143059250,1,58,4
cn1019,8,3824055,1147216650,1,12,4
cn1019,8,3825723,1147717050,1,11,4
cn102,1,3837897,1151369250,1,1134,4
cn1020,8,3810196,1143058950,1,61,4
cn1020,8,3810197,1143059250,1,61,4
cn1020,8,3824055,1147216650,1,12,4
cn1020,8,3825723,1147717050,1,10,4
cn1021,8,3810196,1143058950,1,64,4
cn1021,8,3810197,1143059250,1,64,4
cn1021,8,3824055,1147216650,1,13,4
cn1021,8,3825723,1147717050,1,10,4
cn1022,8,3810196,1143058950,1,68,4
cn1022,8,3810197,1143059250,1,68,4
cn1022,8,3824055,1147216650,1,10,4
cn1022,8,3825723,1147717050,1,13,4
cn1023,1,3772484,1131745350,1,3,3
cn1023,8,3810196,1143058950,1,69,4
cn1023,8,3810197,1143059250,1,69,4
cn1023,8,3824055,1147216650,1,13,4
cn1023,8,3825723,1147717050,1,10,4
cn1024,8,3824055,1147216650,1,12,4
cn1024,8,3825723,1147717050,1,12,4
cn103,1,3837897,1151369250,1,1135,4
cn108,1,3837897,1151369250,1,1114,4
cn111,1,3837897,1151369250,1,1115,4
cn121,1,3827148,1148144550,1,1409,4
cn122,8,3836480,1150944150,1,87,4
cn122,8,3836481,1150944450,1,87,4
cn141,1,3824531,1147359450,1,1407,4
cn151,1,3787179,1136153850,1,1383,4
cn151,1,3812601,1143780450,1,17,4
cn151,1,3814597,1144379250,1,65,4
cn151,1,3814828,1144448550,1,18,4
cn164,7,3800569,1140170850,2,15062,4
cn170,1,3814554,1144366350,1,14,4
cn196,8,3810195,1143058650,1,60,4
cn196,8,3810196,1143058950,1,60,4
cn196,8,3810197,1143059250,1,60,4
cn199,8,3810195,1143058650,1,59,4
cn199,8,3810196,1143058950,1,59,4
cn199,8,3810197,1143059250,1,58,4
cn202,8,3810195,1143058650,1,60,4
cn202,8,3810196,1143058950,1,60,4
cn202,8,3810197,1143059250,1,60,4
cn204,8,3810195,1143058650,1,55,4
cn204,8,3810196,1143058950,1,55,4
cn204,8,3810197,1143059250,1,54,4
cn205,8,3810195,1143058650,1,58,4
cn205,8,3810196,1143058950,1,58,4
cn205,8,3810197,1143059250,1,58,4
cn206,8,3810195,1143058650,1,55,4
cn206,8,3810196,1143058950,1,55,4
cn206,8,3810197,1143059250,1,55,4
cn207,8,3810195,1143058650,1,56,4
cn207,8,3810196,1143058950,1,56,4
cn207,8,3810197,1143059250,1,56,4
cn208,8,3810195,1143058650,1,60,4
cn208,8,3810196,1143058950,1,60,4
cn208,8,3810197,1143059250,1,60,4
cn209,8,3810195,1143058650,1,57,4
cn209,8,3810196,1143058950,1,57,4
cn209,8,3810197,1143059250,1,57,4
cn210,8,3810196,1143058950,1,52,4
cn210,8,3810197,1143059250,1,52,4
cn211,8,3810195,1143058650,1,60,4
cn211,8,3810196,1143058950,1,60,4
cn211,8,3810197,1143059250,1,60,4
cn212,1,3790053,1137016050,1,163,4
cn212,1,3808724,1142617350,1,1401,4
cn212,1,3818512,1145553750,1,872,4
cn212,1,3825636,1147690950,1,360,4
cn212,7,3790053,1137016050,1,163,4
cn212,7,3803760,1141128150,1,151,4
cn212,7,3808724,1142617350,1,1401,4
cn212,7,3808796,1142638950,1,66,4
cn212,7,3816648,1144994550,1,787,4
cn212,7,3816649,1144994850,1,787,4
cn212,7,3818512,1145553750,1,872,4
cn212,7,3825636,1147690950,1,360,4
cn213,1,3820154,1146046350,1,883,4
cn213,8,3810195,1143058650,1,61,4
cn213,8,3810196,1143058950,1,61,4
cn213,8,3810197,1143059250,1,61,4
cn214,8,3810196,1143058950,1,55,4
cn214,8,3810197,1143059250,1,55,4
cn215,8,3810196,1143058950,1,51,4
cn215,8,3810197,1143059250,1,51,4
cn216,8,3810196,1143058950,1,54,4
cn216,8,3810197,1143059250,1,55,4
cn217,8,3810196,1143058950,1,52,4
cn217,8,3810197,1143059250,1,52,4
cn218,8,3810196,1143058950,1,54,4
cn218,8,3810197,1143059250,1,54,4
cn219,8,3810196,1143058950,1,51,4
cn219,8,3810197,1143059250,1,51,4
cn220,8,3810196,1143058950,1,57,4
cn220,8,3810197,1143059250,1,57,4
cn221,8,3810196,1143058950,1,53,4
cn221,8,3810197,1143059250,1,53,4
cn222,8,3810196,1143058950,1,55,4
cn222,8,3810197,1143059250,1,55,4
cn223,8,3810196,1143058950,1,56,4
cn223,8,3810197,1143059250,1,56,4
cn225,8,3810196,1143058950,1,54,4
cn225,8,3810197,1143059250,1,54,4
cn226,8,3810196,1143058950,1,57,4
cn226,8,3810197,1143059250,1,57,4
cn227,1,3798689,1139606850,1,1032,4
cn228,8,3810196,1143058950,1,56,4
cn228,8,3810197,1143059250,1,56,4
cn230,8,3810196,1143058950,1,55,4
cn230,8,3810197,1143059250,1,55,4
cn231,8,3810196,1143058950,1,54,4
cn231,8,3810197,1143059250,1,52,4
cn232,8,3810195,1143058650,1,61,4
cn232,8,3810196,1143058950,1,61,4
cn232,8,3810197,1143059250,1,61,4
cn233,8,3810196,1143058950,1,56,4
cn233,8,3810197,1143059250,1,57,4
cn234,1,3835206,1150561950,1,1265,4
cn234,8,3810196,1143058950,1,54,4
cn234,8,3810197,1143059250,1,54,4
cn235,8,3810196,1143058950,1,56,4
cn235,8,3810197,1143059250,1,56,4
cn236,8,3810196,1143058950,1,54,4
cn236,8,3810197,1143059250,1,54,4
cn237,8,3810195,1143058650,1,62,4
cn237,8,3810196,1143058950,1,62,4
cn237,8,3810197,1143059250,1,62,4
cn238,8,3810196,1143058950,1,57,4
cn238,8,3810197,1143059250,1,56,4
cn239,8,3810196,1143058950,1,51,4
cn239,8,3810197,1143059250,1,51,4
cn240,8,3810196,1143058950,1,56,4
cn240,8,3810197,1143059250,1,56,4
cn241,8,3810196,1143058950,1,55,4
cn241,8,3810197,1143059250,1,55,4
cn242,8,3810196,1143058950,1,53,4
cn242,8,3810197,1143059250,1,53,4
cn243,8,3810196,1143058950,1,58,4
cn243,8,3810197,1143059250,1,58,4
cn244,1,3779856,1133956950,1,1461,4
cn244,3,3780144,1134043350,1,23,4
cn246,8,3810196,1143058950,1,53,4
cn246,8,3810197,1143059250,1,53,4
cn247,8,3810196,1143058950,1,53,4
cn247,8,3810197,1143059250,1,53,4
cn248,8,3810196,1143058950,1,54,4
cn248,8,3810197,1143059250,1,54,4
cn249,8,3810196,1143058950,1,55,4
cn249,8,3810197,1143059250,1,56,4
cn25,1,3787724,1136317350,1,1568,4
cn250,8,3810196,1143058950,1,56,4
cn250,8,3810197,1143059250,1,56,4
cn252,8,3810196,1143058950,1,61,4
cn252,8,3810197,1143059250,1,59,4
cn253,1,3830885,1149265650,1,186,4
cn253,8,3810195,1143058650,1,62,4
cn253,8,3810196,1143058950,1,62,4
cn253,8,3810197,1143059250,1,62,4
cn254,8,3810196,1143058950,1,56,4
cn254,8,3810197,1143059250,1,56,4
cn255,8,3810196,1143058950,1,60,4
cn255,8,3810197,1143059250,1,61,4
cn256,8,3810196,1143058950,1,54,4
cn256,8,3810197,1143059250,1,54,4
cn257,8,3810195,1143058650,1,65,4
cn257,8,3810196,1143058950,1,65,4
cn257,8,3810197,1143059250,1,65,4
cn258,8,3810196,1143058950,1,56,4
cn258,8,3810197,1143059250,1,56,4
cn259,8,3810196,1143058950,1,55,4
cn259,8,3810197,1143059250,1,55,4
cn260,8,3810196,1143058950,1,56,4
cn260,8,3810197,1143059250,1,56,4
cn261,8,3810196,1143058950,1,55,4
cn261,8,3810197,1143059250,1,55,4
cn271,1,3826629,1147988850,1,59,4
cn271,2,3826629,1147988850,1,59,4
cn271,2,3826788,1148036550,1,8,4
cn271,2,3826789,1148036850,1,8,4
cn271,2,3826847,1148054250,1,544,4
cn271,2,3826849,1148054850,1,546,4
cn271,2,3826853,1148056050,1,547,4
cn271,7,3826629,1147988850,1,59,4
cn287,1,3828681,1148604450,1,1319,4
cn298,1,3803536,1141060950,1,108,4
cn359,9,3835973,1150792050,1,1,1
cn361,9,3800146,1140043950,1,2,2
cn363,1,3803595,1141078650,1,813,4
cn37,2,3805883,1141765050,1,42,4
cn37,2,3805884,1141765350,1,42,4
cn37,2,3805889,1141766850,1,42,4
cn37,2,3806064,1141819350,1,9,4
cn37,2,3806125,1141837650,1,11,4
cn37,2,3806352,1141905750,1,17,4
cn37,2,3806645,1141993650,1,9,4
cn37,2,3807504,1142251350,1,5,4
cn37,2,3807550,1142265150,1,505,4
cn37,7,3805883,1141765050,1,42,4
cn380,3,3814554,1144366350,1,653,4
cn384,7,3803564,1141069350,1,78,4
cn386,8,3836480,1150944150,1,59,4
cn395,1,3817604,1145281350,1,1365,4
cn404,8,3825723,1147717050,1,12,4
cn405,8,3825723,1147717050,1,13,4
cn406,8,3825723,1147717050,1,10,4
cn407,8,3825723,1147717050,1,13,4
cn408,8,3825723,1147717050,1,13,4
cn409,8,3825723,1147717050,1,12,4
cn410,8,3825723,1147717050,1,10,4
cn411,8,3825723,1147717050,1,9,4
cn412,8,3825723,1147717050,1,10,4
cn413,8,3825723,1147717050,1,12,4
cn414,8,3825723,1147717050,1,11,4
cn415,8,3825723,1147717050,1,13,4
cn416,8,3810196,1143058950,1,55,4
cn416,8,3810197,1143059250,1,55,4
cn416,8,3810198,1143059550,1,55,4
cn416,8,3825723,1147717050,1,12,4
cn417,8,3825723,1147717050,1,10,4
cn418,8,3825723,1147717050,1,11,4
cn419,8,3825723,1147717050,1,12,4
cn421,8,3825723,1147717050,1,12,4
cn422,3,3812563,1143769050,1,1072,4
cn422,3,3817661,1145298450,1,104,4
cn422,3,3821523,1146457050,1,580,4
cn422,7,3812558,1143767550,1,1070,4
cn422,7,3812563,1143769050,1,1072,4
cn422,7,3814586,1144375950,1,562,4
cn422,7,3818264,1145479350,1,521,4
cn422,7,3821180,1146354150,1,572,4
cn422,7,3821523,1146457050,1,580,4
cn422,7,3825766,1147729950,1,346,4
cn423,8,3825723,1147717050,1,13,4
cn424,8,3825723,1147717050,1,15,4
cn425,8,3825723,1147717050,1,14,4
cn426,2,3840624,1152187350,1,35,4
cn426,2,3840625,1152187650,1,34,4
cn426,2,3840627,1152188250,1,34,4
cn426,2,3840900,1152270150,1,15,4
cn426,2,3841325,1152397650,1,13,4
cn426,2,3841326,1152397950,1,13,4
cn426,2,3841327,1152398250,1,13,4
cn426,2,3841332,1152399750,1,15,4
cn426,2,3841333,1152400050,1,15,4
cn426,2,3841476,1152442950,1,6,4
cn426,2,3841480,1152444150,1,6,4
cn426,7,3840624,1152187350,1,35,4
cn426,8,3825723,1147717050,1,10,4
cn427,8,3825723,1147717050,1,10,4
cn428,8,3825723,1147717050,1,11,4
cn429,8,3825723,1147717050,1,11,4
cn430,8,3825723,1147717050,1,15,4
cn431,8,3825723,1147717050,1,11,4
cn432,8,3825723,1147717050,1,9,4
cn433,8,3825723,1147717050,1,10,4
cn434,8,3825723,1147717050,1,12,4
cn435,8,3825723,1147717050,1,10,4
cn436,8,3825723,1147717050,1,13,4
cn437,8,3825723,1147717050,1,10,4
cn438,8,3825723,1147717050,1,15,4
cn439,8,3825723,1147717050,1,12,4
cn44,1,3787724,1136317350,1,1568,4
cn440,8,3825723,1147717050,1,12,4
cn441,8,3825723,1147717050,1,14,4
cn442,8,3825723,1147717050,1,11,4
cn443,8,3825723,1147717050,1,14,4
cn444,8,3825723,1147717050,1,12,4
cn445,8,3825723,1147717050,1,10,4
cn446,8,3825723,1147717050,1,13,4
cn447,8,3825723,1147717050,1,11,4
cn448,8,3825723,1147717050,1,8,4
cn449,8,3825723,1147717050,1,10,4
cn450,8,3825723,1147717050,1,13,4
cn451,8,3825723,1147717050,1,14,4
cn452,8,3825723,1147717050,1,14,4
cn453,8,3825723,1147717050,1,12,4
cn454,8,3825723,1147717050,1,12,4
cn455,8,3825723,1147717050,1,9,4
cn456,8,3825723,1147717050,1,10,4
cn457,8,3825723,1147717050,1,12,4
cn458,8,3825723,1147717050,1,10,4
cn459,8,3825723,1147717050,1,16,4
cn460,8,3825723,1147717050,1,13,4
cn461,8,3825723,1147717050,1,15,4
cn462,8,3825723,1147717050,1,11,4
cn463,8,3825723,1147717050,1,11,4
cn464,8,3825723,1147717050,1,13,4
cn465,8,3825723,1147717050,1,14,4
cn466,8,3825723,1147717050,1,9,4
cn467,8,3825723,1147717050,1,12,4
cn468,8,3825723,1147717050,1,10,4
cn469,8,3825723,1147717050,1,13,4
cn470,8,3825723,1147717050,1,10,4
cn471,8,3825723,1147717050,1,10,4
cn472,8,3825723,1147717050,1,11,4
cn473,8,3825723,1147717050,1,11,4
cn474,8,3825723,1147717050,1,14,4
cn475,1,3821484,1146445350,1,13,4
cn475,2,3821437,1146431250,1,41,4
cn475,2,3821438,1146431550,1,41,4
cn475,2,3821464,1146439350,1,7,4
cn475,2,3821484,1146445350,1,13,4
cn475,2,3821494,1146448350,1,13,4
cn475,2,3821514,1146454350,1,265,4
cn475,2,3821520,1146456150,1,271,4
cn475,7,3821437,1146431250,1,41,4
cn476,8,3825723,1147717050,1,9,4
cn477,8,3825723,1147717050,1,12,4
cn478,1,3837520,1151256150,1,2355,4
cn478,8,3825723,1147717050,1,10,4
cn479,8,3825723,1147717050,1,11,4
cn480,8,3825723,1147717050,1,12,4
cn481,8,3825723,1147717050,1,13,4
cn482,8,3825723,1147717050,1,11,4
cn483,8,3825723,1147717050,1,10,4
cn484,8,3825723,1147717050,1,11,4
cn485,8,3825723,1147717050,1,10,4
cn486,8,3825723,1147717050,1,12,4
cn487,8,3825723,1147717050,1,8,4
cn488,8,3825723,1147717050,1,11,4
cn489,8,3825723,1147717050,1,14,4
cn490,8,3825723,1147717050,1,9,4
cn491,8,3825723,1147717050,1,17,4
cn491,9,3806195,1141858650,1,353,4
cn492,8,3825723,1147717050,1,10,4
cn493,8,3825723,1147717050,1,17,4
cn494,8,3825723,1147717050,1,14,4
cn495,8,3825723,1147717050,1,15,4
cn496,8,3825723,1147717050,1,10,4
cn497,8,3825723,1147717050,1,12,4
cn498,8,3825723,1147717050,1,10,4
cn499,8,3825723,1147717050,1,8,4
cn500,8,3825723,1147717050,1,12,4
cn501,8,3825723,1147717050,1,14,4
cn502,8,3825723,1147717050,1,9,4
cn503,8,3825723,1147717050,1,11,4
cn504,1,3790600,1137180150,1,541,4
cn504,8,3825723,1147717050,1,13,4
cn507,8,3825723,1147717050,1,14,4
cn508,8,3825723,1147717050,1,13,4
cn509,8,3825723,1147717050,1,11,4
cn510,8,3825723,1147717050,1,15,4
cn511,8,3825723,1147717050,1,11,4
cn512,8,3825723,1147717050,1,12,4
cn513,8,3825723,1147717050,1,11,4
cn514,8,3825723,1147717050,1,14,4
cn515,8,3825723,1147717050,1,12,4
cn516,8,3825723,1147717050,1,11,4
cn517,8,3825723,1147717050,1,14,4
cn518,8,3825723,1147717050,1,15,4
cn519,8,3825723,1147717050,1,12,4
cn520,8,3825723,1147717050,1,13,4
cn521,8,3825723,1147717050,1,9,4
cn522,1,3787122,1136136750,1,1325,4
cn522,8,3825723,1147717050,1,11,4
cn523,8,3825723,1147717050,1,10,4
cn524,8,3825723,1147717050,1,11,4
cn525,8,3825723,1147717050,1,8,4
cn526,8,3825723,1147717050,1,11,4
cn527,8,3825723,1147717050,1,13,4
cn528,8,3813922,1144176750,1,9,4
cn528,8,3825723,1147717050,1,10,4
cn530,8,3813922,1144176750,1,24,4
cn530,8,3825723,1147717050,1,10,4
cn531,8,3813922,1144176750,1,14,4
cn531,8,3825723,1147717050,1,8,4
cn532,8,3825723,1147717050,1,9,4
cn533,8,3825723,1147717050,1,15,4
cn534,8,3825723,1147717050,1,12,4
cn535,8,3825723,1147717050,1,9,4
cn536,8,3825723,1147717050,1,12,4
cn537,8,3825723,1147717050,1,12,4
cn538,3,3821266,1146379950,1,1000,4
cn539,8,3825723,1147717050,1,12,4
cn540,2,3793168,1137950550,1,91,4
cn540,2,3793170,1137951150,1,100,4
cn540,2,3793680,1138104150,1,1801,4
cn540,7,3793168,1137950550,1,91,4
cn540,8,3825723,1147717050,1,13,4
cn542,1,3832455,1149736650,1,39,4
cn542,2,3832450,1149735150,1,39,4
cn542,2,3832452,1149735750,1,39,4
cn542,2,3832455,1149736650,1,39,4
cn542,2,3832653,1149796050,1,12,4
cn542,2,3832657,1149797250,1,13,4
cn542,2,3832659,1149797850,1,13,4
cn542,2,3832943,1149883050,1,542,4
cn542,7,3832450,1149735150,1,39,4
cn542,8,3825723,1147717050,1,12,4
cn543,8,3825723,1147717050,1,12,4
cn544,8,3825723,1147717050,1,9,4
cn545,8,3825723,1147717050,1,17,4
cn546,8,3825723,1147717050,1,14,4
cn547,8,3825723,1147717050,1,11,4
cn548,8,3825723,1147717050,1,9,4
cn549,8,3825723,1147717050,1,12,4
cn550,8,3825723,1147717050,1,15,4
cn551,1,3797114,1139134350,1,1185,4
cn551,3,3797125,1139137650,1,1392,4
cn551,7,3797114,1139134350,1,1185,4
cn551,7,3797115,1139134650,1,1221,4
cn551,7,3797116,1139134950,1,1261,4
cn551,7,3797117,1139135250,1,1296,4
cn551,7,3797118,1139135550,1,1301,4
cn551,7,3797119,1139135850,1,1305,4
cn551,7,3797120,1139136150,1,1310,4
cn551,7,3797121,1139136450,1,1314,4
cn551,7,3797122,1139136750,1,1318,4
cn551,7,3797123,1139137050,1,1323,4
cn551,7,3797124,1139137350,1,1332,4
cn551,7,3797125,1139137650,1,1392,4
cn551,7,3797126,1139137950,1,1453,4
cn551,7,3797127,1139138250,1,959,4
cn551,7,3797128,1139138550,1,800,4
cn551,7,3797129,1139138850,1,820,4
cn551,8,3825723,1147717050,1,10,4
cn552,8,3825723,1147717050,1,11,4
cn553,8,3825723,1147717050,1,13,4
cn554,8,3825723,1147717050,1,13,4
cn555,8,3825723,1147717050,1,9,4
cn556,8,3825723,1147717050,1,11,4
cn557,8,3825723,1147717050,1,10,4
cn558,8,3825723,1147717050,1,10,4
cn559,8,3825723,1147717050,1,12,4
cn560,8,3825723,1147717050,1,11,4
cn561,8,3825723,1147717050,1,9,4
cn562,8,3825723,1147717050,1,14,4
cn563,8,3825723,1147717050,1,11,4
cn564,8,3825723,1147717050,1,9,4
cn565,8,3825723,1147717050,1,12,4
cn566,8,3825723,1147717050,1,11,4
cn568,8,3825723,1147717050,1,13,4
cn569,8,3825723,1147717050,1,12,4
cn570,8,3825723,1147717050,1,12,4
cn571,8,3825723,1147717050,1,13,4
cn572,1,3772833,1131850050,1,38,4
cn573,8,3825723,1147717050,1,13,4
cn574,8,3825723,1147717050,1,11,4
cn576,8,3825723,1147717050,1,14,4
cn577,8,3825723,1147717050,1,10,4
cn578,8,3825723,1147717050,1,11,4
cn579,8,3825723,1147717050,1,12,4
cn58,1,3810761,1143228450,2,21068,4
cn580,8,3825723,1147717050,1,12,4
cn581,8,3825723,1147717050,1,9,4
cn582,8,3825723,1147717050,1,11,4
cn583,8,3825723,1147717050,1,13,4
cn584,8,3825723,1147717050,1,10,4
cn585,8,3825723,1147717050,1,12,4
cn586,8,3825723,1147717050,1,13,4
cn587,8,3825723,1147717050,1,9,4
cn589,8,3825723,1147717050,1,10,4
cn590,8,3817605,1145281650,1,12,4
cn590,8,3825723,1147717050,1,14,4
cn591,8,3825723,1147717050,1,13,4
cn592,8,3825723,1147717050,1,14,4
cn593,8,3825723,1147717050,1,12,4
cn594,8,3817605,1145281650,1,27,4
cn594,8,3825723,1147717050,1,12,4
cn595,8,3825723,1147717050,1,10,4
cn596,8,3825723,1147717050,1,13,4
cn597,8,3817605,1145281650,1,28,4
cn597,8,3825723,1147717050,1,11,4
cn598,8,3825723,1147717050,1,11,4
cn60,1,3803955,1141186650,1,6,4
cn601,8,3817605,1145281650,1,28,4
cn601,8,3825723,1147717050,1,10,4
cn602,8,3825723,1147717050,1,12,4
cn603,8,3825723,1147717050,1,12,4
cn604,8,3825723,1147717050,1,12,4
cn605,8,3825723,1147717050,1,15,4
cn606,1,3791681,1137504450,1,1172,4
cn606,8,3810196,1143058950,1,62,4
cn606,8,3810197,1143059250,1,62,4
cn606,8,3825723,1147717050,1,10,4
cn607,8,3817605,1145281650,1,28,4
cn607,8,3825723,1147717050,1,10,4
cn608,8,3825723,1147717050,1,10,4
cn609,8,3825723,1147717050,1,10,4
cn610,1,3818935,1145680650,1,1503,4
cn611,1,3841764,1152529350,1,12,4
cn611,2,3841682,1152504750,1,54,4
cn611,2,3841683,1152505050,1,54,4
cn611,2,3841764,1152529350,1,12,4
cn611,7,3841682,1152504750,1,54,4
cn611,8,3825723,1147717050,1,9,4
cn612,8,3825723,1147717050,1,10,4
cn613,8,3825723,1147717050,1,16,4
cn614,8,3825723,1147717050,1,13,4
cn615,8,3825723,1147717050,1,11,4
cn616,8,3810196,1143058950,1,56,4
cn616,8,3810197,1143059250,1,56,4
cn616,8,3825723,1147717050,1,15,4
cn617,8,3810196,1143058950,1,56,4
cn617,8,3810197,1143059250,1,56,4
cn617,8,3825723,1147717050,1,11,4
cn618,8,3810196,1143058950,1,55,4
cn618,8,3810197,1143059250,1,55,4
cn618,8,3825723,1147717050,1,10,4
cn619,8,3810196,1143058950,1,55,4
cn619,8,3810197,1143059250,1,55,4
cn619,8,3825723,1147717050,1,14,4
cn620,8,3825723,1147717050,1,13,4
cn621,8,3810195,1143058650,1,66,4
cn621,8,3810196,1143058950,1,66,4
cn621,8,3810197,1143059250,1,65,4
cn621,8,3817605,1145281650,1,17,4
cn621,8,3825723,1147717050,1,14,4
cn622,8,3810196,1143058950,1,55,4
cn622,8,3810197,1143059250,1,55,4
cn622,8,3825723,1147717050,1,11,4
cn623,8,3810196,1143058950,1,57,4
cn623,8,3810197,1143059250,1,56,4
cn623,8,3825723,1147717050,1,14,4
cn624,1,3797522,1139256750,1,11,4
cn624,1,3802167,1140650250,1,553,4
cn624,8,3825723,1147717050,1,8,4
cn625,8,3810196,1143058950,1,56,4
cn625,8,3810197,1143059250,1,56,4
cn625,8,3825723,1147717050,1,9,4
cn626,8,3810196,1143058950,1,56,4
cn626,8,3810197,1143059250,1,56,4
cn626,8,3825723,1147717050,1,13,4
cn627,8,3825723,1147717050,1,10,4
cn628,1,3805488,1141646550,1,5,4
cn628,2,3804486,1141345950,1,39,4
cn628,2,3804487,1141346250,1,39,4
cn628,2,3804489,1141346850,1,39,4
cn628,2,3805488,1141646550,1,5,4
cn628,2,3805776,1141732950,1,6,4
cn628,2,3805779,1141733850,1,7,4
cn628,7,3804486,1141345950,1,39,4
cn628,8,3825723,1147717050,1,14,4
cn629,8,3825723,1147717050,1,10,4
cn630,8,3825723,1147717050,1,10,4
cn631,8,3825723,1147717050,1,9,4
cn632,8,3825723,1147717050,1,11,4
cn633,2,3791568,1137470550,1,53,4
cn633,7,3791565,1137469650,1,53,4
cn633,8,3825723,1147717050,1,9,4
cn634,8,3825723,1147717050,1,12,4
cn635,8,3825723,1147717050,1,11,4
cn636,8,3825723,1147717050,1,8,4
cn637,8,3825723,1147717050,1,9,4
cn638,2,3781532,1134459750,1,50,4
cn638,2,3781534,1134460350,1,51,4
cn638,2,3781648,1134494550,1,8,4
cn638,2,3781945,1134583650,1,494,4
cn638,8,3825723,1147717050,1,10,4
cn639,8,3825723,1147717050,1,12,4
cn640,8,3825723,1147717050,1,10,4
cn642,8,3825723,1147717050,1,16,4
cn643,1,3791681,1137504450,1,1175,4
cn643,8,3817605,1145281650,1,13,4
cn643,8,3825723,1147717050,1,9,4
cn644,8,3825723,1147717050,1,8,4
cn645,8,3825723,1147717050,1,11,4
cn646,8,3825723,1147717050,1,12,4
cn648,8,3817605,1145281650,1,12,4
cn648,8,3825723,1147717050,1,10,4
cn649,8,3825723,1147717050,1,11,4
cn651,8,3825723,1147717050,1,10,4
cn652,8,3825723,1147717050,1,8,4
cn653,8,3825723,1147717050,1,9,4
cn654,8,3825723,1147717050,1,10,4
cn656,8,3825723,1147717050,1,9,4
cn658,8,3825723,1147717050,1,10,4
cn659,8,3825723,1147717050,1,9,4
cn660,8,3825723,1147717050,1,9,4
cn661,8,3825723,1147717050,1,11,4
cn662,8,3825723,1147717050,1,11,4
cn663,8,3825723,1147717050,1,10,4
cn664,8,3825723,1147717050,1,12,4
cn665,8,3817605,1145281650,1,15,4
cn665,8,3825723,1147717050,1,12,4
cn666,8,3817605,1145281650,1,16,4
cn666,8,3825723,1147717050,1,11,4
cn667,8,3825723,1147717050,1,18,4
cn668,8,3825723,1147717050,1,13,4
cn669,8,3825723,1147717050,1,9,4
cn670,8,3825723,1147717050,1,15,4
cn671,8,3825723,1147717050,1,14,4
cn672,8,3825723,1147717050,1,13,4
cn673,8,3825723,1147717050,1,10,4
cn674,8,3825723,1147717050,1,13,4
cn675,8,3817605,1145281650,1,27,4
cn675,8,3825723,1147717050,1,12,4
cn676,8,3817605,1145281650,1,26,4
cn676,8,3825723,1147717050,1,12,4
cn677,8,3817605,1145281650,1,27,4
cn677,8,3825723,1147717050,1,11,4
cn678,8,3817605,1145281650,1,27,4
cn678,8,3825723,1147717050,1,12,4
cn679,8,3825723,1147717050,1,12,4
cn680,8,3825723,1147717050,1,12,4
cn681,8,3817605,1145281650,1,26,4
cn681,8,3825723,1147717050,1,14,4
cn682,8,3825723,1147717050,1,12,4
cn683,8,3825723,1147717050,1,12,4
cn684,8,3825723,1147717050,1,10,4
cn685,1,3796609,1138982850,1,797,4
cn686,8,3825723,1147717050,1,15,4
cn687,8,3825723,1147717050,1,12,4
cn688,1,3822496,1146748950,1,1947,4
cn688,3,3822496,1146748950,1,1947,4
cn689,8,3825723,1147717050,1,12,4
cn690,8,3825723,1147717050,1,11,4
cn691,8,3825723,1147717050,1,11,4
cn692,8,3825723,1147717050,1,10,4
cn693,8,3817605,1145281650,1,29,4
cn693,8,3825723,1147717050,1,16,4
cn693,9,3834990,1150497150,1,7,4
cn694,1,3796136,1138840950,1,317,4
cn694,8,3817605,1145281650,1,27,4
cn694,8,3825723,1147717050,1,10,4
cn695,8,3825723,1147717050,1,13,4
cn696,1,3826673,1148002050,1,1407,4
cn696,8,3825723,1147717050,1,12,4
cn697,8,3825723,1147717050,1,12,4
cn698,8,3817605,1145281650,1,29,4
cn698,8,3825723,1147717050,1,12,4
cn699,8,3825723,1147717050,1,14,4
cn700,8,3825723,1147717050,1,11,4
cn701,8,3825723,1147717050,1,13,4
cn702,8,3817605,1145281650,1,28,4
cn702,8,3825723,1147717050,1,12,4
cn703,8,3817605,1145281650,1,28,4
cn703,8,3825723,1147717050,1,11,4
cn704,8,3825723,1147717050,1,10,4
cn706,8,3825723,1147717050,1,15,4
cn708,8,3825723,1147717050,1,14,4
cn709,8,3825723,1147717050,1,15,4
cn710,8,3825723,1147717050,1,16,4
cn711,8,3817605,1145281650,1,30,4
cn711,8,3825723,1147717050,1,11,4
cn712,8,3825723,1147717050,1,13,4
cn713,8,3825723,1147717050,1,14,4
cn714,8,3817605,1145281650,1,31,4
cn714,8,3825723,1147717050,1,12,4
cn715,8,3825723,1147717050,1,12,4
cn717,8,3825723,1147717050,1,12,4
cn718,8,3825723,1147717050,1,12,4
cn719,8,3825723,1147717050,1,11,4
cn720,8,3825723,1147717050,1,8,4
cn721,8,3817605,1145281650,1,13,4
cn721,8,3825723,1147717050,1,14,4
cn722,8,3817605,1145281650,1,12,4
cn722,8,3825723,1147717050,1,9,4
cn723,8,3810196,1143058950,1,60,4
cn723,8,3810197,1143059250,1,60,4
cn723,8,3817605,1145281650,1,15,4
cn723,8,3825723,1147717050,1,11,4
cn724,8,3817605,1145281650,1,16,4
cn724,8,3825723,1147717050,1,11,4
cn725,8,3825723,1147717050,1,11,4
cn726,8,3825723,1147717050,1,9,4
cn727,8,3825723,1147717050,1,12,4
cn728,8,3825723,1147717050,1,9,4
cn729,8,3825723,1147717050,1,11,4
cn730,8,3817605,1145281650,1,13,4
cn730,8,3825723,1147717050,1,10,4
cn731,7,3838342,1151502750,1,20,4
cn731,8,3817605,1145281650,1,13,4
cn731,8,3825723,1147717050,1,10,4
cn732,8,3817605,1145281650,1,14,4
cn733,8,3825723,1147717050,1,11,4
cn734,8,3817605,1145281650,1,16,4
cn734,8,3825723,1147717050,1,11,4
cn735,8,3825723,1147717050,1,13,4
cn736,8,3825723,1147717050,1,9,4
cn737,1,3826907,1148072250,1,6,4
cn737,8,3825723,1147717050,1,16,4
cn738,8,3825723,1147717050,1,11,4
cn739,8,3825723,1147717050,1,10,4
cn740,8,3825723,1147717050,1,9,4
cn742,8,3825723,1147717050,1,10,4
cn743,8,3825723,1147717050,1,12,4
cn744,8,3825723,1147717050,1,13,4
cn745,2,3778960,1133688150,1,6,4
cn745,2,3778996,1133698950,1,22,4
cn745,2,3779067,1133720250,1,490,4
cn745,2,3781389,1134416850,1,49,4
cn745,2,3781391,1134417450,1,49,4
cn745,2,3781431,1134429450,1,32,4
cn745,2,3781584,1134475350,1,13,4
cn745,2,3781649,1134494850,1,6,4
cn745,2,3781910,1134573150,1,3,3
cn746,8,3825723,1147717050,1,12,4
cn747,8,3817605,1145281650,1,14,4
cn747,8,3825723,1147717050,1,11,4
cn748,8,3810196,1143058950,1,58,4
cn748,8,3810197,1143059250,1,58,4
cn748,8,3825723,1147717050,1,9,4
cn749,8,3825723,1147717050,1,9,4
cn750,8,3825723,1147717050,1,13,4
cn751,8,3825723,1147717050,1,12,4
cn753,8,3825723,1147717050,1,13,4
cn754,8,3825723,1147717050,1,11,4
cn755,8,3825723,1147717050,1,15,4
cn756,8,3825723,1147717050,1,11,4
cn757,8,3825723,1147717050,1,11,4
cn758,8,3825723,1147717050,1,12,4
cn759,8,3825723,1147717050,1,14,4
cn760,8,3817605,1145281650,1,13,4
cn760,8,3825723,1147717050,1,9,4
cn761,8,3825723,1147717050,1,11,4
cn762,8,3817605,1145281650,1,15,4
cn762,8,3825723,1147717050,1,13,4
cn763,8,3825723,1147717050,1,10,4
cn764,8,3825723,1147717050,1,13,4
cn765,8,3825723,1147717050,1,12,4
cn767,8,3825723,1147717050,1,11,4
cn768,8,3825723,1147717050,1,13,4
cn769,8,3817605,1145281650,1,16,4
cn769,8,3825723,1147717050,1,12,4
cn770,8,3825723,1147717050,1,11,4
cn771,8,3817605,1145281650,1,15,4
cn771,8,3825723,1147717050,1,12,4
cn772,8,3817605,1145281650,1,28,4
cn772,8,3825723,1147717050,1,11,4
cn773,8,3817605,1145281650,1,24,4
cn773,8,3825723,1147717050,1,10,4
cn774,8,3817605,1145281650,1,28,4
cn774,8,3825723,1147717050,1,11,4
cn775,8,3817605,1145281650,1,26,4
cn775,8,3825723,1147717050,1,14,4
cn776,8,3817605,1145281650,1,28,4
cn776,8,3825723,1147717050,1,11,4
cn777,8,3817605,1145281650,1,27,4
cn777,8,3825723,1147717050,1,12,4
cn778,8,3825723,1147717050,1,12,4
cn779,8,3817605,1145281650,1,28,4
cn779,8,3825723,1147717050,1,12,4
cn780,8,3817605,1145281650,1,27,4
cn780,8,3825723,1147717050,1,12,4
cn781,8,3817605,1145281650,1,28,4
cn781,8,3825723,1147717050,1,13,4
cn782,8,3810195,1143058650,1,67,4
cn782,8,3810196,1143058950,1,67,4
cn782,8,3810197,1143059250,1,67,4
cn782,8,3817605,1145281650,1,28,4
cn782,8,3825723,1147717050,1,12,4
cn783,8,3817605,1145281650,1,27,4
cn783,8,3825723,1147717050,1,12,4
cn784,8,3817605,1145281650,1,15,4
cn784,8,3825723,1147717050,1,13,4
cn785,8,3817605,1145281650,1,28,4
cn785,8,3825723,1147717050,1,11,4
cn786,8,3817605,1145281650,1,30,4
cn786,8,3825723,1147717050,1,11,4
cn787,8,3817605,1145281650,1,26,4
cn787,8,3825723,1147717050,1,10,4
cn788,8,3817605,1145281650,1,28,4
cn788,8,3825723,1147717050,1,13,4
cn789,8,3817605,1145281650,1,28,4
cn789,8,3825723,1147717050,1,11,4
cn790,8,3825723,1147717050,1,14,4
cn791,8,3817605,1145281650,1,28,4
cn791,8,3825723,1147717050,1,10,4
cn792,8,3817605,1145281650,1,17,4
cn792,8,3825723,1147717050,1,10,4
cn793,8,3810196,1143058950,1,57,4
cn793,8,3810197,1143059250,1,57,4
cn793,8,3817605,1145281650,1,14,4
cn793,8,3825723,1147717050,1,14,4
cn794,1,3803650,1141095150,1,3,3
cn794,8,3825723,1147717050,1,14,4
cn795,1,3797528,1139258550,1,694,4
cn795,8,3817605,1145281650,1,13,4
cn795,8,3825723,1147717050,1,11,4
cn796,8,3810196,1143058950,1,55,4
cn796,8,3810197,1143059250,1,55,4
cn796,8,3817605,1145281650,1,27,4
cn796,8,3825723,1147717050,1,12,4
cn797,8,3810195,1143058650,1,61,4
cn797,8,3810196,1143058950,1,61,4
cn797,8,3810197,1143059250,1,61,4
cn797,8,3817605,1145281650,1,14,4
cn797,8,3825723,1147717050,1,13,4
cn798,8,3810196,1143058950,1,56,4
cn798,8,3810197,1143059250,1,56,4
cn798,8,3817605,1145281650,1,13,4
cn798,8,3825723,1147717050,1,14,4
cn799,8,3817605,1145281650,1,13,4
cn799,8,3825723,1147717050,1,10,4
cn800,8,3810195,1143058650,1,63,4
cn800,8,3810196,1143058950,1,63,4
cn800,8,3810197,1143059250,1,63,4
cn800,8,3817605,1145281650,1,17,4
cn800,8,3825723,1147717050,1,12,4
cn801,8,3810196,1143058950,1,56,4
cn801,8,3810197,1143059250,1,56,4
cn801,8,3817605,1145281650,1,13,4
cn801,8,3825723,1147717050,1,13,4
cn802,8,3817605,1145281650,1,13,4
cn802,8,3825723,1147717050,1,10,4
cn803,8,3810196,1143058950,1,57,4
cn803,8,3810197,1143059250,1,56,4
cn803,8,3817605,1145281650,1,26,4
cn803,8,3825723,1147717050,1,14,4
cn804,8,3817605,1145281650,1,12,4
cn804,8,3825723,1147717050,1,9,4
cn805,8,3817605,1145281650,1,14,4
cn805,8,3825723,1147717050,1,14,4
cn806,8,3817605,1145281650,1,14,4
cn806,8,3825723,1147717050,1,10,4
cn807,8,3817605,1145281650,1,13,4
cn807,8,3825723,1147717050,1,12,4
cn808,8,3817605,1145281650,1,12,4
cn808,8,3825723,1147717050,1,11,4
cn809,8,3817605,1145281650,1,12,4
cn809,8,3825723,1147717050,1,12,4
cn81,1,3826598,1147979550,1,1328,4
cn81,3,3826598,1147979550,1,1328,4
cn810,8,3810196,1143058950,1,55,4
cn810,8,3810197,1143059250,1,55,4
cn810,8,3817605,1145281650,1,12,4
cn810,8,3825723,1147717050,1,11,4
cn811,8,3817605,1145281650,1,15,4
cn811,8,3825723,1147717050,1,14,4
cn812,8,3817605,1145281650,1,17,4
cn812,8,3825723,1147717050,1,12,4
cn813,8,3810196,1143058950,1,54,4
cn813,8,3810197,1143059250,1,54,4
cn813,8,3817605,1145281650,1,14,4
cn813,8,3825723,1147717050,1,11,4
cn814,8,3810196,1143058950,1,56,4
cn814,8,3810197,1143059250,1,56,4
cn814,8,3817605,1145281650,1,13,4
cn814,8,3825723,1147717050,1,15,4
cn814,9,3808742,1142622750,1,3,3
cn815,8,3810196,1143058950,1,57,4
cn815,8,3810197,1143059250,1,56,4
cn815,8,3817605,1145281650,1,12,4
cn815,8,3825723,1147717050,1,15,4
cn816,8,3810196,1143058950,1,59,4
cn816,8,3810197,1143059250,1,59,4
cn816,8,3817605,1145281650,1,14,4
cn816,8,3825723,1147717050,1,9,4
cn817,8,3810196,1143058950,1,58,4
cn817,8,3810197,1143059250,1,58,4
cn817,8,3817605,1145281650,1,13,4
cn817,8,3825723,1147717050,1,12,4
cn818,8,3817605,1145281650,1,12,4
cn818,8,3825723,1147717050,1,11,4
cn819,8,3817605,1145281650,1,15,4
cn819,8,3825723,1147717050,1,10,4
cn820,8,3817605,1145281650,1,16,4
cn820,8,3825723,1147717050,1,12,4
cn821,8,3817605,1145281650,1,29,4
cn821,8,3825723,1147717050,1,11,4
cn822,8,3817605,1145281650,1,26,4
cn822,8,3825723,1147717050,1,9,4
cn823,8,3817605,1145281650,1,15,4
cn823,8,3825723,1147717050,1,12,4
cn824,8,3817605,1145281650,1,27,4
cn824,8,3825723,1147717050,1,14,4
cn825,8,3817605,1145281650,1,26,4
cn825,8,3825723,1147717050,1,11,4
cn826,8,3817605,1145281650,1,27,4
cn826,8,3825723,1147717050,1,15,4
cn827,8,3817605,1145281650,1,16,4
cn827,8,3825723,1147717050,1,17,4
cn828,8,3817605,1145281650,1,29,4
cn828,8,3825723,1147717050,1,12,4
cn829,8,3817605,1145281650,1,15,4
cn829,8,3825723,1147717050,1,16,4
cn83,1,3837897,1151369250,1,1116,4
cn830,8,3817605,1145281650,1,17,4
cn830,8,3825723,1147717050,1,11,4
cn831,8,3817605,1145281650,1,28,4
cn831,8,3825723,1147717050,1,13,4
cn832,8,3817605,1145281650,1,28,4
cn832,8,3825723,1147717050,1,13,4
cn833,8,3817605,1145281650,1,14,4
cn833,8,3825723,1147717050,1,17,4
cn834,8,3817605,1145281650,1,15,4
cn834,8,3825723,1147717050,1,13,4
cn835,8,3817605,1145281650,1,17,4
cn835,8,3825723,1147717050,1,12,4
cn836,8,3817605,1145281650,1,14,4
cn836,8,3825723,1147717050,1,10,4
cn837,8,3825723,1147717050,1,12,4
cn838,8,3817605,1145281650,1,12,4
cn838,8,3825723,1147717050,1,9,4
cn839,1,3808281,1142484450,1,36,4
cn839,2,3808281,1142484450,1,36,4
cn839,2,3808320,1142496150,1,4,4
cn839,2,3808658,1142597550,1,4,4
cn839,2,3809232,1142769750,1,15,4
cn839,2,3809235,1142770650,1,15,4
cn839,2,3809236,1142770950,1,15,4
cn839,2,3809520,1142856150,1,10,4
cn839,2,3809814,1142944350,1,7,4
cn839,2,3809817,1142945250,1,7,4
cn839,2,3810096,1143028950,1,5,4
cn839,2,3810102,1143030750,1,6,4
cn839,2,3810384,1143115350,1,18,4
cn839,2,3810387,1143116250,1,18,4
cn839,2,3810390,1143117150,1,18,4
cn839,2,3810672,1143201750,1,8,4
cn839,2,3810678,1143203550,1,8,4
cn839,2,3810966,1143289950,1,6,4
cn839,2,3811252,1143375750,1,10,4
cn839,2,3811254,1143376350,1,10,4
cn839,2,3811542,1143462750,1,11,4
cn839,2,3811830,1143549150,1,7,4
cn839,2,3811887,1143566250,1,533,4
cn839,3,3808320,1142496150,1,4,4
cn840,8,3817605,1145281650,1,27,4
cn840,8,3825723,1147717050,1,15,4
cn841,8,3817605,1145281650,1,13,4
cn841,8,3825723,1147717050,1,14,4
cn842,8,3825723,1147717050,1,10,4
cn842,9,3835797,1150739250,1,20,4
cn843,8,3817605,1145281650,1,16,4
cn843,8,3825723,1147717050,1,13,4
cn844,8,3817605,1145281650,1,14,4
cn844,8,3825723,1147717050,1,12,4
cn845,1,3799816,1139944950,1,404,4
cn845,1,3800369,1140110850,1,898,4
cn845,1,3800380,1140114150,1,1388,4
cn845,1,3800461,1140138450,1,592,4
cn845,1,3800483,1140145050,1,764,4
cn845,1,3800493,1140148050,1,747,4
cn846,8,3817605,1145281650,1,17,4
cn846,8,3825723,1147717050,1,12,4
cn847,8,3825723,1147717050,1,16,4
cn848,8,3825723,1147717050,1,12,4
cn849,8,3825723,1147717050,1,13,4
cn850,8,3825723,1147717050,1,14,4
cn851,8,3825723,1147717050,1,11,4
cn852,8,3825723,1147717050,1,10,4
cn853,8,3825723,1147717050,1,14,4
cn854,8,3817605,1145281650,1,15,4
cn854,8,3825723,1147717050,1,9,4
cn855,8,3817605,1145281650,1,30,4
cn855,8,3825723,1147717050,1,14,4
cn856,8,3825723,1147717050,1,12,4
cn857,8,3817605,1145281650,1,14,4
cn857,8,3825723,1147717050,1,10,4
cn858,8,3817605,1145281650,1,15,4
cn858,8,3825723,1147717050,1,13,4
cn859,8,3825723,1147717050,1,13,4
cn860,8,3825723,1147717050,1,11,4
cn861,8,3817605,1145281650,1,12,4
cn861,8,3825723,1147717050,1,12,4
cn862,8,3825723,1147717050,1,13,4
cn863,8,3817605,1145281650,1,14,4
cn863,8,3825723,1147717050,1,11,4
cn864,1,3821778,1146533550,1,7,4
cn864,8,3833857,1150157250,1,22,4
cn865,8,3817605,1145281650,1,16,4
cn865,8,3824055,1147216650,1,10,4
cn865,8,3825723,1147717050,1,11,4
cn866,8,3824055,1147216650,1,10,4
cn866,8,3825723,1147717050,1,10,4
cn867,8,3817605,1145281650,1,15,4
cn867,8,3824055,1147216650,1,10,4
cn867,8,3825723,1147717050,1,14,4
cn868,8,3817605,1145281650,1,14,4
cn868,8,3824055,1147216650,1,13,4
cn868,8,3825723,1147717050,1,11,4
cn869,8,3817605,1145281650,1,11,4
cn869,8,3824055,1147216650,1,13,4
cn869,8,3825723,1147717050,1,9,4
cn87,1,3837897,1151369250,1,1118,4
cn870,8,3824055,1147216650,1,12,4
cn870,8,3825723,1147717050,1,15,4
cn871,8,3824055,1147216650,1,12,4
cn871,8,3825723,1147717050,1,16,4
cn872,8,3817605,1145281650,1,26,4
cn872,8,3824055,1147216650,1,10,4
cn872,8,3825723,1147717050,1,9,4
cn873,8,3824055,1147216650,1,10,4
cn873,8,3825723,1147717050,1,8,4
cn874,8,3824055,1147216650,1,19,4
cn874,8,3825723,1147717050,1,12,4
cn875,8,3824055,1147216650,1,14,4
cn875,8,3825723,1147717050,1,12,4
cn876,8,3824055,1147216650,1,11,4
cn876,8,3825723,1147717050,1,9,4
cn877,8,3824055,1147216650,1,10,4
cn877,8,3825723,1147717050,1,12,4
cn877,9,3839380,1151814150,1,7,4
cn878,8,3824055,1147216650,1,10,4
cn878,8,3825723,1147717050,1,12,4
cn879,8,3824055,1147216650,1,11,4
cn879,8,3825723,1147717050,1,11,4
cn880,8,3824055,1147216650,1,13,4
cn880,8,3825723,1147717050,1,9,4
cn881,8,3825723,1147717050,1,14,4
cn882,8,3824055,1147216650,1,12,4
cn882,8,3825723,1147717050,1,11,4
cn883,8,3824055,1147216650,1,13,4
cn883,8,3825723,1147717050,1,14,4
cn884,8,3824055,1147216650,1,14,4
cn884,8,3825723,1147717050,1,12,4
cn885,8,3824055,1147216650,1,11,4
cn885,8,3825723,1147717050,1,14,4
cn886,8,3824055,1147216650,1,13,4
cn886,8,3825723,1147717050,1,9,4
cn887,1,3821774,1146532350,1,11,4
cn887,8,3833857,1150157250,1,21,4
cn888,8,3824055,1147216650,1,13,4
cn888,8,3825723,1147717050,1,12,4
cn889,8,3824055,1147216650,1,16,4
cn889,8,3825723,1147717050,1,12,4
cn890,8,3824055,1147216650,1,11,4
cn890,8,3825723,1147717050,1,10,4
cn891,8,3824055,1147216650,1,14,4
cn891,8,3825723,1147717050,1,10,4
cn892,8,3824055,1147216650,1,13,4
cn892,8,3825723,1147717050,1,15,4
cn893,8,3824055,1147216650,1,10,4
cn893,8,3825723,1147717050,1,11,4
cn894,8,3824055,1147216650,1,10,4
cn894,8,3825723,1147717050,1,13,4
cn895,8,3824055,1147216650,1,14,4
cn895,8,3825723,1147717050,1,9,4
cn896,8,3824055,1147216650,1,12,4
cn896,8,3825723,1147717050,1,13,4
cn897,8,3824055,1147216650,1,12,4
cn897,8,3825723,1147717050,1,12,4
cn898,8,3824055,1147216650,1,10,4
cn898,8,3825723,1147717050,1,11,4
cn899,8,3824055,1147216650,1,12,4
cn899,8,3825723,1147717050,1,12,4
cn90,1,3837897,1151369250,1,1118,4
cn900,1,3817604,1145281350,1,1369,4
cn901,8,3824055,1147216650,1,11,4
cn901,8,3825723,1147717050,1,12,4
cn902,8,3824055,1147216650,1,10,4
cn902,8,3825723,1147717050,1,12,4
cn903,8,3824055,1147216650,1,10,4
cn903,8,3825723,1147717050,1,9,4
cn904,8,3824055,1147216650,1,12,4
cn904,8,3825723,1147717050,1,13,4
cn905,8,3824055,1147216650,1,10,4
cn905,8,3825723,1147717050,1,14,4
cn906,8,3824055,1147216650,1,15,4
cn906,8,3825723,1147717050,1,14,4
cn907,8,3824055,1147216650,1,13,4
cn907,8,3825723,1147717050,1,12,4
cn908,8,3825723,1147717050,1,12,4
cn909,8,3825723,1147717050,1,10,4
cn910,8,3825723,1147717050,1,14,4
cn910,9,3842079,1152623850,1,101,4
cn911,1,3803760,1141128150,1,96,4
cn911,2,3803760,1141128150,1,96,4
cn911,2,3803849,1141154850,1,4,4
cn911,2,3804048,1141214550,1,7,4
cn911,2,3804056,1141216950,1,7,4
cn911,2,3804086,1141225950,1,4,4
cn911,2,3804162,1141248750,1,12,4
cn911,2,3804163,1141249050,1,12,4
cn911,2,3804336,1141300950,1,7,4
cn911,2,3804392,1141317750,1,6,4
cn911,2,3804624,1141387350,1,6,4
cn911,2,3804770,1141431150,1,10,4
cn911,2,3804984,1141495350,1,8,4
cn911,2,3805776,1141732950,1,8,4
cn911,2,3805782,1141734750,1,9,4
cn911,2,3806133,1141840050,1,94,4
cn911,3,3803849,1141154850,1,4,4
cn911,3,3804048,1141214550,1,7,4
cn911,7,3803760,1141128150,1,96,4
cn912,8,3825723,1147717050,1,14,4
cn913,8,3825723,1147717050,1,13,4
cn914,8,3825723,1147717050,1,13,4
cn915,8,3825723,1147717050,1,12,4
cn916,1,3821792,1146537750,1,333,4
cn917,8,3825723,1147717050,1,12,4
cn918,8,3825723,1147717050,1,11,4
cn919,8,3825723,1147717050,1,13,4
cn92,1,3837897,1151369250,1,1116,4
cn920,8,3825723,1147717050,1,14,4
cn921,8,3825723,1147717050,1,12,4
cn922,8,3825723,1147717050,1,15,4
cn923,8,3825723,1147717050,1,14,4
cn924,8,3824055,1147216650,1,14,4
cn924,8,3825723,1147717050,1,14,4
cn925,8,3825723,1147717050,1,10,4
cn926,8,3824055,1147216650,1,10,4
cn926,8,3825723,1147717050,1,14,4
cn927,8,3824055,1147216650,1,12,4
cn927,8,3825723,1147717050,1,10,4
cn928,8,3824055,1147216650,1,10,4
cn928,8,3825723,1147717050,1,14,4
cn929,8,3824055,1147216650,1,13,4
cn929,8,3825723,1147717050,1,13,4
cn93,1,3837897,1151369250,1,1115,4
cn930,8,3824055,1147216650,1,14,4
cn930,8,3825723,1147717050,1,14,4
cn931,8,3824055,1147216650,1,11,4
cn931,8,3825723,1147717050,1,13,4
cn932,8,3825723,1147717050,1,9,4
cn933,1,3841704,1152511350,1,4,4
cn933,8,3824055,1147216650,1,11,4
cn933,8,3825723,1147717050,1,15,4
cn934,8,3824055,1147216650,1,12,4
cn934,8,3825723,1147717050,1,9,4
cn935,1,3775719,1132715850,1,7,4
cn935,1,3778508,1133552550,1,1,1
cn935,8,3824055,1147216650,1,10,4
cn935,8,3825723,1147717050,1,12,4
cn936,8,3824055,1147216650,1,13,4
cn936,8,3825723,1147717050,1,10,4
cn937,8,3824055,1147216650,1,10,4
cn937,8,3825723,1147717050,1,14,4
cn938,8,3824055,1147216650,1,10,4
cn938,8,3825723,1147717050,1,11,4
cn938,9,3839832,1151949750,1,166,4
cn938,9,3839841,1151952450,1,200,4
cn94,1,3837897,1151369250,1,1114,4
cn940,8,3824055,1147216650,1,11,4
cn940,8,3825723,1147717050,1,10,4
cn941,8,3824055,1147216650,1,10,4
cn941,8,3825723,1147717050,1,16,4
cn942,8,3824055,1147216650,1,12,4
cn942,8,3825723,1147717050,1,16,4
cn943,8,3824055,1147216650,1,10,4
cn943,8,3825723,1147717050,1,10,4
cn944,8,3824055,1147216650,1,12,4
cn944,8,3825723,1147717050,1,12,4
cn945,8,3824055,1147216650,1,12,4
cn945,8,3825723,1147717050,1,11,4
cn946,8,3824055,1147216650,1,14,4
cn946,8,3825723,1147717050,1,14,4
cn947,8,3824055,1147216650,1,12,4
cn947,8,3825723,1147717050,1,8,4
cn949,8,3836480,1150944150,1,91,4
cn949,8,3836481,1150944450,1,91,4
cn950,8,3824055,1147216650,1,12,4
cn950,8,3825723,1147717050,1,14,4
cn951,8,3824055,1147216650,1,11,4
cn951,8,3825723,1147717050,1,10,4
cn952,8,3824055,1147216650,1,10,4
cn952,8,3825723,1147717050,1,13,4
cn953,8,3824055,1147216650,1,11,4
cn953,8,3825723,1147717050,1,9,4
cn954,8,3824055,1147216650,1,10,4
cn954,8,3825723,1147717050,1,11,4
cn955,1,3835716,1150714950,1,8,4
cn955,2,3835463,1150639050,1,37,4
cn955,2,3835464,1150639350,1,39,4
cn955,2,3835468,1150640550,1,39,4
cn955,2,3835716,1150714950,1,8,4
cn955,2,3835719,1150715850,1,8,4
cn955,2,3836067,1150820250,1,590,4
cn955,7,3835463,1150639050,1,37,4
cn955,8,3824055,1147216650,1,10,4
cn955,8,3825723,1147717050,1,8,4
cn956,8,3824055,1147216650,1,11,4
cn956,8,3825723,1147717050,1,12,4
cn957,8,3824055,1147216650,1,10,4
cn957,8,3825723,1147717050,1,11,4
cn958,8,3824055,1147216650,1,13,4
cn958,8,3825723,1147717050,1,11,4
cn959,8,3824055,1147216650,1,10,4
cn959,8,3825723,1147717050,1,15,4
cn96,1,3837897,1151369250,1,1131,4
cn960,8,3824055,1147216650,1,11,4
cn960,8,3825723,1147717050,1,11,4
cn961,8,3824055,1147216650,1,11,4
cn961,8,3825723,1147717050,1,11,4
cn962,8,3824055,1147216650,1,15,4
cn962,8,3825723,1147717050,1,10,4
cn963,8,3824055,1147216650,1,11,4
cn963,8,3825723,1147717050,1,16,4
cn964,8,3824055,1147216650,1,12,4
cn964,8,3825723,1147717050,1,10,4
cn965,1,3798663,1139599050,1,145,4
cn965,8,3824055,1147216650,1,13,4
cn965,8,3825723,1147717050,1,11,4
cn966,8,3824055,1147216650,1,11,4
cn966,8,3825723,1147717050,1,14,4
cn967,8,3824055,1147216650,1,10,4
cn967,8,3825723,1147717050,1,13,4
cn968,8,3824055,1147216650,1,14,4
cn968,8,3825723,1147717050,1,11,4
cn969,8,3824055,1147216650,1,12,4
cn969,8,3825723,1147717050,1,9,4
cn97,1,3837897,1151369250,1,1132,4
cn970,8,3824055,1147216650,1,13,4
cn970,8,3825723,1147717050,1,11,4
cn971,8,3824055,1147216650,1,12,4
cn971,8,3825723,1147717050,1,12,4
cn972,8,3824055,1147216650,1,13,4
cn972,8,3825723,1147717050,1,14,4
cn974,8,3824055,1147216650,1,11,4
cn974,8,3825723,1147717050,1,13,4
cn975,8,3824055,1147216650,1,11,4
cn975,8,3825723,1147717050,1,11,4
cn976,8,3824055,1147216650,1,14,4
cn976,8,3825723,1147717050,1,12,4
cn977,1,3821812,1146543750,1,147,4
cn979,8,3824055,1147216650,1,12,4
cn979,8,3825723,1147717050,1,9,4
cn981,8,3824055,1147216650,1,11,4
cn981,8,3825723,1147717050,1,11,4
cn983,8,3824055,1147216650,1,12,4
cn983,8,3825723,1147717050,1,9,4
cn984,8,3824055,1147216650,1,10,4
cn984,8,3825723,1147717050,1,10,4
cn985,8,3824055,1147216650,1,14,4
cn985,8,3825723,1147717050,1,12,4
cn986,8,3824055,1147216650,1,11,4
cn986,8,3825723,1147717050,1,14,4
cn987,8,3824055,1147216650,1,11,4
cn987,8,3825723,1147717050,1,14,4
cn988,8,3824055,1147216650,1,10,4
cn988,8,3825723,1147717050,1,14,4
cn989,8,3824055,1147216650,1,10,4
cn989,8,3825723,1147717050,1,9,4
cn990,8,3824055,1147216650,1,11,4
cn990,8,3825723,1147717050,1,9,4
cn991,8,3824055,1147216650,1,13,4
cn991,8,3825723,1147717050,1,15,4
cn992,8,3824055,1147216650,1,15,4
cn992,8,3825723,1147717050,1,13,4
cn993,8,3824055,1147216650,1,13,4
cn993,8,3825723,1147717050,1,10,4
cn994,1,3778611,1133583450,2,19543,4
cn995,8,3824055,1147216650,1,14,4
cn995,8,3825723,1147717050,1,12,4
cn996,8,3824055,1147216650,1,13,4
cn996,8,3825723,1147717050,1,14,4
cn997,8,3824055,1147216650,1,12,4
cn997,8,3825723,1147717050,1,14,4
cn998,8,3824055,1147216650,1,14,4
cn998,8,3825723,1147717050,1,14,4
cn999,8,3810196,1143058950,1,59,4
cn999,8,3810197,1143059250,1,59,4
cn999,8,3824055,1147216650,1,12,4
cn999,8,3825723,1147717050,1,10,4
dn1,8,3824055,1147216650,1,14,4
dn1,8,3825723,1147717050,1,21,4
dn10,8,3810196,1143058950,1,86,4
dn10,8,3810197,1143059250,1,85,4
dn10,8,3824055,1147216650,1,11,4
dn10,8,3825723,1147717050,1,11,4
dn100,8,3824055,1147216650,1,14,4
dn1000,8,3824055,1147216650,1,10,4
dn1001,8,3824055,1147216650,1,11,4
dn1002,8,3824055,1147216650,1,12,4
dn1003,2,3800551,1140165450,1,31,4
dn1003,2,3800554,1140166350,1,31,4
dn1003,2,3800592,1140177750,1,8,4
dn1003,2,3801168,1140350550,1,5,4
dn1003,2,3801172,1140351750,1,5,4
dn1003,2,3801456,1140436950,1,3,3
dn1003,2,3801795,1140538650,1,12,4
dn1003,2,3801802,1140540750,1,15,4
dn1003,2,3802036,1140610950,1,4,4
dn1003,2,3802168,1140650550,1,538,4
dn1003,7,3800551,1140165450,1,31,4
dn1003,8,3824055,1147216650,1,13,4
dn1005,8,3824055,1147216650,1,11,4
dn1006,8,3824055,1147216650,1,11,4
dn1007,8,3824055,1147216650,1,13,4
dn1008,8,3824055,1147216650,1,16,4
dn1009,8,3824055,1147216650,1,11,4
dn101,8,3824055,1147216650,1,14,4
dn1010,8,3824055,1147216650,1,18,4
dn1011,8,3824055,1147216650,1,13,4
dn1012,8,3824055,1147216650,1,16,4
dn1013,8,3824055,1147216650,1,13,4
dn1014,4,3822336,1146700950,1,14,4
dn1015,8,3824055,1147216650,1,17,4
dn1016,8,3824055,1147216650,1,11,4
dn1017,8,3824055,1147216650,1,12,4
dn1018,8,3824055,1147216650,1,11,4
dn1019,8,3824055,1147216650,1,13,4
dn102,8,3824055,1147216650,1,18,4
dn1020,8,3824055,1147216650,1,11,4
dn1021,8,3824055,1147216650,1,12,4
dn1022,8,3824055,1147216650,1,14,4
dn1023,8,3824055,1147216650,1,11,4
dn1024,3,3826857,1148057250,1,4202,4
dn1024,7,3825853,1147756050,1,16,4
dn1024,8,3824055,1147216650,1,13,4
dn103,8,3824055,1147216650,1,10,4
dn104,8,3824055,1147216650,1,16,4
dn105,8,3824055,1147216650,1,12,4
dn106,8,3824055,1147216650,1,13,4
dn107,8,3824055,1147216650,1,14,4
dn108,8,3824055,1147216650,1,12,4
dn109,8,3824055,1147216650,1,15,4
dn11,8,3810196,1143058950,1,88,4
dn11,8,3810197,1143059250,1,88,4
dn11,8,3824055,1147216650,1,10,4
dn11,8,3825723,1147717050,1,12,4
dn110,8,3824055,1147216650,1,11,4
dn111,8,3824055,1147216650,1,10,4
dn112,1,3818570,1145571150,1,12,4
dn112,2,3817185,1145155650,1,90,4
dn112,2,3817188,1145156550,1,90,4
dn112,2,3817189,1145156850,1,90,4
dn112,2,3817284,1145185350,1,5,4
dn112,2,3817572,1145271750,1,4,4
dn112,2,3817860,1145358150,1,6,4
dn112,2,3817861,1145358450,1,6,4
dn112,2,3818149,1145444850,1,7,4
dn112,2,3818570,1145571150,1,12,4
dn112,2,3818572,1145571750,1,13,4
dn112,2,3818724,1145617350,1,5,4
dn112,2,3819012,1145703750,1,14,4
dn112,2,3819013,1145704050,1,14,4
dn112,2,3819300,1145790150,1,14,4
dn112,2,3819304,1145791350,1,14,4
dn112,2,3819588,1145876550,1,4,4
dn112,2,3819589,1145876850,1,4,4
dn112,2,3819632,1145889750,1,7,4
dn112,2,3819633,1145890050,1,7,4
dn112,2,3819876,1145962950,1,18,4
dn112,2,3820164,1146049350,1,6,4
dn112,2,3820453,1146136050,1,72,4
dn112,2,3820822,1146246750,1,28,4
dn112,2,3820877,1146263250,1,517,4
dn112,7,3817185,1145155650,1,90,4
dn113,8,3824055,1147216650,1,13,4
dn114,1,3778907,1133672250,1,596,4
dn114,8,3824055,1147216650,1,12,4
dn117,8,3824055,1147216650,1,11,4
dn119,8,3824055,1147216650,1,10,4
dn12,8,3810196,1143058950,1,89,4
dn12,8,3810197,1143059250,1,89,4
dn12,8,3824055,1147216650,1,13,4
dn12,8,3825723,1147717050,1,16,4
dn12,9,3806188,1141856550,1,3,3
dn120,8,3824055,1147216650,1,11,4
dn121,8,3824055,1147216650,1,11,4
dn122,8,3824055,1147216650,1,12,4
dn123,1,3823429,1147028850,1,788,4
dn124,8,3824055,1147216650,1,12,4
dn125,8,3824055,1147216650,1,11,4
dn126,8,3824055,1147216650,1,10,4
dn127,8,3824055,1147216650,1,12,4
dn129,8,3824055,1147216650,1,10,4
dn13,8,3810196,1143058950,1,94,4
dn13,8,3810197,1143059250,1,94,4
dn13,8,3824055,1147216650,1,17,4
dn13,8,3825723,1147717050,1,13,4
dn130,8,3824055,1147216650,1,13,4
dn131,8,3824055,1147216650,1,12,4
dn133,8,3824055,1147216650,1,12,4
dn134,8,3824055,1147216650,1,10,4
dn135,8,3824055,1147216650,1,10,4
dn136,1,3807957,1142387250,1,1000,4
dn137,8,3824055,1147216650,1,13,4
dn138,8,3824055,1147216650,1,12,4
dn139,3,3788254,1136476350,1,659,4
dn139,8,3810196,1143058950,1,98,4
dn139,8,3810197,1143059250,1,98,4
dn139,8,3824055,1147216650,1,10,4
dn14,8,3810196,1143058950,1,90,4
dn14,8,3810197,1143059250,1,90,4
dn14,8,3824055,1147216650,1,11,4
dn14,8,3825723,1147717050,1,13,4
dn140,8,3824055,1147216650,1,10,4
dn141,8,3824055,1147216650,1,12,4
dn142,8,3824055,1147216650,1,12,4
dn143,8,3824055,1147216650,1,11,4
dn144,8,3810196,1143058950,1,95,4
dn144,8,3810197,1143059250,1,96,4
dn144,8,3824055,1147216650,1,13,4
dn145,8,3810196,1143058950,1,94,4
dn145,8,3810197,1143059250,1,95,4
dn145,8,3824055,1147216650,1,12,4
dn146,8,3824055,1147216650,1,11,4
dn147,8,3824055,1147216650,1,11,4
dn148,8,3824055,1147216650,1,13,4
dn149,8,3824055,1147216650,1,10,4
dn15,8,3810196,1143058950,1,87,4
dn15,8,3810197,1143059250,1,87,4
dn15,8,3824055,1147216650,1,10,4
dn15,8,3825723,1147717050,1,15,4
dn150,8,3824055,1147216650,1,11,4
dn151,8,3824055,1147216650,1,11,4
dn152,8,3824055,1147216650,1,10,4
dn153,8,3824055,1147216650,1,13,4
dn154,8,3817605,1145281650,1,13,4
dn154,8,3824055,1147216650,1,14,4
dn155,8,3824055,1147216650,1,13,4
dn156,8,3817605,1145281650,1,18,4
dn156,8,3824055,1147216650,1,12,4
dn157,8,3824055,1147216650,1,13,4
dn158,8,3817605,1145281650,1,14,4
dn158,8,3824055,1147216650,1,11,4
dn159,8,3817605,1145281650,1,15,4
dn159,8,3824055,1147216650,1,13,4
dn16,8,3810196,1143058950,1,90,4
dn16,8,3810197,1143059250,1,90,4
dn16,8,3824055,1147216650,1,11,4
dn16,8,3825723,1147717050,1,13,4
dn160,8,3817605,1145281650,1,13,4
dn160,8,3824055,1147216650,1,16,4
dn161,8,3824055,1147216650,1,12,4
dn162,8,3817605,1145281650,1,14,4
dn162,8,3824055,1147216650,1,11,4
dn163,8,3817605,1145281650,1,18,4
dn163,8,3824055,1147216650,1,11,4
dn164,8,3817605,1145281650,1,18,4
dn164,8,3824055,1147216650,1,10,4
dn165,8,3817605,1145281650,1,11,4
dn165,8,3824055,1147216650,1,10,4
dn166,8,3817605,1145281650,1,14,4
dn166,8,3824055,1147216650,1,13,4
dn167,8,3817605,1145281650,1,15,4
dn167,8,3824055,1147216650,1,14,4
dn167,9,3828296,1148488950,1,5,4
dn168,8,3817605,1145281650,1,17,4
dn168,8,3824055,1147216650,1,12,4
dn169,8,3824055,1147216650,1,11,4
dn17,8,3810196,1143058950,1,91,4
dn17,8,3810197,1143059250,1,91,4
dn17,8,3824055,1147216650,1,12,4
dn17,8,3825723,1147717050,1,16,4
dn170,8,3817605,1145281650,1,18,4
dn170,8,3824055,1147216650,1,11,4
dn171,1,3835747,1150724250,1,806,4
dn171,8,3824055,1147216650,1,13,4
dn172,8,3824055,1147216650,1,11,4
dn173,8,3817605,1145281650,1,18,4
dn173,8,3824055,1147216650,1,10,4
dn174,8,3824055,1147216650,1,14,4
dn176,8,3824055,1147216650,1,11,4
dn177,8,3817605,1145281650,1,14,4
dn177,8,3824055,1147216650,1,11,4
dn178,8,3824055,1147216650,1,13,4
dn179,8,3817605,1145281650,1,16,4
dn179,8,3824055,1147216650,1,15,4
dn18,8,3810196,1143058950,1,95,4
dn18,8,3810197,1143059250,1,97,4
dn180,8,3824055,1147216650,1,14,4
dn181,8,3824055,1147216650,1,14,4
dn182,8,3824055,1147216650,1,11,4
dn183,8,3817605,1145281650,1,11,4
dn183,8,3824055,1147216650,1,12,4
dn184,8,3824055,1147216650,1,11,4
dn185,8,3824055,1147216650,1,10,4
dn186,8,3824055,1147216650,1,11,4
dn187,8,3824055,1147216650,1,12,4
dn188,8,3824055,1147216650,1,10,4
dn189,8,3810196,1143058950,1,95,4
dn189,8,3810197,1143059250,1,96,4
dn189,8,3824055,1147216650,1,14,4
dn190,8,3810196,1143058950,1,94,4
dn190,8,3810197,1143059250,1,94,4
dn190,8,3824055,1147216650,1,12,4
dn191,8,3810196,1143058950,1,97,4
dn191,8,3810197,1143059250,1,97,4
dn191,8,3824055,1147216650,1,12,4
dn192,8,3810196,1143058950,1,93,4
dn192,8,3810197,1143059250,1,93,4
dn192,8,3824055,1147216650,1,11,4
dn194,8,3810196,1143058950,1,97,4
dn194,8,3810197,1143059250,1,97,4
dn194,8,3824055,1147216650,1,14,4
dn195,1,3811110,1143333150,1,1526,4
dn195,8,3810196,1143058950,1,95,4
dn195,8,3810197,1143059250,1,95,4
dn196,8,3810196,1143058950,1,97,4
dn196,8,3810197,1143059250,1,96,4
dn196,8,3824055,1147216650,1,10,4
dn197,8,3810196,1143058950,1,95,4
dn197,8,3810197,1143059250,1,95,4
dn197,8,3824055,1147216650,1,15,4
dn198,8,3810196,1143058950,1,98,4
dn198,8,3810197,1143059250,1,98,4
dn198,8,3824055,1147216650,1,14,4
dn199,8,3810196,1143058950,1,93,4
dn199,8,3810197,1143059250,1,92,4
dn199,8,3824055,1147216650,1,10,4
dn2,8,3810196,1143058950,1,86,4
dn2,8,3810197,1143059250,1,86,4
dn2,8,3824055,1147216650,1,17,4
dn2,8,3825723,1147717050,1,11,4
dn20,8,3810196,1143058950,1,92,4
dn20,8,3810197,1143059250,1,93,4
dn20,8,3824055,1147216650,1,12,4
dn20,8,3825723,1147717050,1,18,4
dn200,8,3810196,1143058950,1,93,4
dn200,8,3810197,1143059250,1,93,4
dn200,8,3824055,1147216650,1,11,4
dn201,8,3810196,1143058950,1,95,4
dn201,8,3810197,1143059250,1,95,4
dn201,8,3824055,1147216650,1,12,4
dn202,8,3810196,1143058950,1,91,4
dn202,8,3810197,1143059250,1,91,4
dn202,8,3824055,1147216650,1,10,4
dn203,8,3824055,1147216650,1,11,4
dn204,8,3824055,1147216650,1,11,4
dn205,8,3810196,1143058950,1,95,4
dn205,8,3810197,1143059250,1,95,4
dn205,8,3824055,1147216650,1,10,4
dn206,8,3824055,1147216650,1,12,4
dn207,8,3810196,1143058950,1,94,4
dn207,8,3810197,1143059250,1,94,4
dn207,8,3824055,1147216650,1,13,4
dn208,8,3824055,1147216650,1,14,4
dn209,8,3824055,1147216650,1,12,4
dn21,8,3824055,1147216650,1,13,4
dn21,8,3825723,1147717050,1,11,4
dn210,8,3810196,1143058950,1,93,4
dn210,8,3810197,1143059250,1,93,4
dn210,8,3824055,1147216650,1,11,4
dn211,8,3810196,1143058950,1,93,4
dn211,8,3810197,1143059250,1,93,4
dn211,8,3824055,1147216650,1,10,4
dn212,8,3810196,1143058950,1,95,4
dn212,8,3810197,1143059250,1,94,4
dn212,8,3824055,1147216650,1,11,4
dn213,8,3810196,1143058950,1,93,4
dn213,8,3810197,1143059250,1,93,4
dn213,8,3824055,1147216650,1,11,4
dn214,8,3810196,1143058950,1,96,4
dn214,8,3810197,1143059250,1,95,4
dn214,8,3824055,1147216650,1,11,4
dn215,8,3810196,1143058950,1,94,4
dn215,8,3810197,1143059250,1,94,4
dn215,8,3824055,1147216650,1,13,4
dn216,8,3810196,1143058950,1,96,4
dn216,8,3810197,1143059250,1,97,4
dn216,8,3824055,1147216650,1,13,4
dn217,8,3810196,1143058950,1,93,4
dn217,8,3810197,1143059250,1,93,4
dn217,8,3824055,1147216650,1,12,4
dn218,8,3810196,1143058950,1,95,4
dn218,8,3810197,1143059250,1,95,4
dn218,8,3824055,1147216650,1,13,4
dn219,8,3810196,1143058950,1,95,4
dn219,8,3810197,1143059250,1,93,4
dn219,8,3824055,1147216650,1,13,4
dn22,8,3810196,1143058950,1,93,4
dn22,8,3810197,1143059250,1,93,4
dn22,8,3824055,1147216650,1,12,4
dn22,8,3825723,1147717050,1,16,4
dn220,8,3810196,1143058950,1,93,4
dn220,8,3810197,1143059250,1,93,4
dn220,8,3824055,1147216650,1,13,4
dn221,8,3810196,1143058950,1,93,4
dn221,8,3810197,1143059250,1,93,4
dn221,8,3824055,1147216650,1,15,4
dn222,8,3810196,1143058950,1,94,4
dn222,8,3810197,1143059250,1,94,4
dn222,8,3824055,1147216650,1,12,4
dn223,8,3810196,1143058950,1,98,4
dn223,8,3810197,1143059250,1,98,4
dn223,8,3824055,1147216650,1,14,4
dn224,8,3810196,1143058950,1,93,4
dn224,8,3810197,1143059250,1,93,4
dn225,8,3824055,1147216650,1,13,4
dn226,8,3810196,1143058950,1,93,4
dn226,8,3810197,1143059250,1,93,4
dn226,8,3824055,1147216650,1,11,4
dn227,8,3810196,1143058950,1,93,4
dn227,8,3810197,1143059250,1,92,4
dn227,8,3824055,1147216650,1,11,4
dn228,8,3824055,1147216650,1,10,4
dn229,8,3824055,1147216650,1,12,4
dn230,8,3810196,1143058950,1,91,4
dn230,8,3810197,1143059250,1,91,4
dn230,8,3824055,1147216650,1,13,4
dn231,8,3810196,1143058950,1,93,4
dn231,8,3810197,1143059250,1,93,4
dn231,8,3824055,1147216650,1,13,4
dn232,8,3824055,1147216650,1,10,4
dn233,8,3810196,1143058950,1,94,4
dn233,8,3810197,1143059250,1,94,4
dn233,8,3824055,1147216650,1,16,4
dn234,8,3810196,1143058950,1,92,4
dn234,8,3810197,1143059250,1,92,4
dn234,8,3824055,1147216650,1,14,4
dn235,8,3810196,1143058950,1,99,4
dn235,8,3810197,1143059250,1,99,4
dn235,8,3824055,1147216650,1,13,4
dn236,8,3810196,1143058950,1,94,4
dn236,8,3810197,1143059250,1,94,4
dn236,8,3824055,1147216650,1,12,4
dn237,8,3810196,1143058950,1,93,4
dn237,8,3810197,1143059250,1,93,4
dn237,8,3824055,1147216650,1,15,4
dn238,8,3810196,1143058950,1,92,4
dn238,8,3810197,1143059250,1,92,4
dn238,8,3824055,1147216650,1,16,4
dn239,8,3810196,1143058950,1,93,4
dn239,8,3810197,1143059250,1,93,4
dn239,8,3824055,1147216650,1,12,4
dn24,8,3810196,1143058950,1,92,4
dn24,8,3810197,1143059250,1,93,4
dn24,8,3824055,1147216650,1,11,4
dn24,8,3825723,1147717050,1,11,4
dn240,8,3824055,1147216650,1,12,4
dn241,8,3810196,1143058950,1,93,4
dn241,8,3810197,1143059250,1,93,4
dn241,8,3824055,1147216650,1,10,4
dn242,8,3824055,1147216650,1,10,4
dn243,1,3794439,1138331850,1,3,3
dn243,1,3798759,1139627850,1,6,4
dn243,8,3824055,1147216650,1,11,4
dn244,8,3810196,1143058950,1,91,4
dn244,8,3810197,1143059250,1,91,4
dn244,8,3824055,1147216650,1,17,4
dn245,8,3824055,1147216650,1,12,4
dn246,8,3810196,1143058950,1,95,4
dn246,8,3810197,1143059250,1,93,4
dn246,8,3824055,1147216650,1,11,4
dn247,8,3824055,1147216650,1,12,4
dn248,8,3810196,1143058950,1,98,4
dn248,8,3810197,1143059250,1,98,4
dn248,8,3824055,1147216650,1,13,4
dn249,8,3810196,1143058950,1,92,4
dn249,8,3810197,1143059250,1,92,4
dn249,8,3824055,1147216650,1,14,4
dn25,8,3810196,1143058950,1,92,4
dn25,8,3810197,1143059250,1,92,4
dn25,8,3824055,1147216650,1,12,4
dn25,8,3825723,1147717050,1,14,4
dn250,8,3810196,1143058950,1,91,4
dn250,8,3810197,1143059250,1,91,4
dn250,8,3824055,1147216650,1,12,4
dn251,8,3810196,1143058950,1,90,4
dn251,8,3810197,1143059250,1,90,4
dn251,8,3824055,1147216650,1,11,4
dn252,8,3810196,1143058950,1,94,4
dn252,8,3810197,1143059250,1,93,4
dn252,8,3824055,1147216650,1,13,4
dn253,8,3810196,1143058950,1,95,4
dn253,8,3810197,1143059250,1,95,4
dn253,8,3824055,1147216650,1,12,4
dn254,8,3810196,1143058950,1,93,4
dn254,8,3810197,1143059250,1,93,4
dn254,8,3824055,1147216650,1,11,4
dn255,8,3824055,1147216650,1,12,4
dn256,8,3810196,1143058950,1,89,4
dn256,8,3810197,1143059250,1,89,4
dn256,8,3824055,1147216650,1,11,4
dn257,8,3810196,1143058950,1,89,4
dn257,8,3810197,1143059250,1,89,4
dn257,8,3824055,1147216650,1,11,4
dn258,8,3810196,1143058950,1,90,4
dn258,8,3810197,1143059250,1,91,4
dn258,8,3824055,1147216650,1,11,4
dn259,8,3810196,1143058950,1,89,4
dn259,8,3810197,1143059250,1,89,4
dn259,8,3824055,1147216650,1,12,4
dn26,8,3810196,1143058950,1,92,4
dn26,8,3810197,1143059250,1,93,4
dn26,8,3824055,1147216650,1,15,4
dn260,1,3802168,1140650550,1,537,4
dn260,8,3810196,1143058950,1,90,4
dn260,8,3810197,1143059250,1,90,4
dn260,8,3824055,1147216650,1,12,4
dn261,1,3784151,1135245450,1,3,3
dn261,8,3824055,1147216650,1,16,4
dn262,8,3810196,1143058950,1,93,4
dn262,8,3810197,1143059250,1,93,4
dn262,8,3824055,1147216650,1,14,4
dn263,8,3810196,1143058950,1,90,4
dn263,8,3810197,1143059250,1,90,4
dn263,8,3824055,1147216650,1,12,4
dn264,8,3810196,1143058950,1,88,4
dn264,8,3810197,1143059250,1,87,4
dn264,8,3824055,1147216650,1,14,4
dn265,8,3810196,1143058950,1,91,4
dn265,8,3810197,1143059250,1,91,4
dn265,8,3824055,1147216650,1,14,4
dn266,8,3824055,1147216650,1,11,4
dn267,8,3810197,1143059250,1,89,4
dn267,8,3824055,1147216650,1,10,4
dn268,8,3810197,1143059250,1,92,4
dn268,8,3824055,1147216650,1,16,4
dn269,8,3810197,1143059250,1,89,4
dn269,8,3824055,1147216650,1,11,4
dn27,8,3824055,1147216650,1,11,4
dn27,8,3825723,1147717050,1,13,4
dn270,8,3824055,1147216650,1,13,4
dn271,8,3810196,1143058950,1,99,4
dn271,8,3810197,1143059250,1,99,4
dn271,8,3824055,1147216650,1,13,4
dn272,8,3810196,1143058950,1,99,4
dn272,8,3810197,1143059250,1,99,4
dn272,8,3824055,1147216650,1,13,4
dn273,8,3810196,1143058950,1,96,4
dn273,8,3810197,1143059250,1,96,4
dn273,8,3824055,1147216650,1,11,4
dn274,8,3810197,1143059250,1,93,4
dn274,8,3824055,1147216650,1,11,4
dn275,8,3810197,1143059250,1,92,4
dn275,8,3824055,1147216650,1,14,4
dn276,8,3810197,1143059250,1,96,4
dn276,8,3824055,1147216650,1,10,4
dn277,8,3810197,1143059250,1,98,4
dn277,8,3824055,1147216650,1,15,4
dn278,1,3831169,1149350850,1,277,4
dn278,8,3810197,1143059250,1,94,4
dn278,8,3824055,1147216650,1,11,4
dn279,8,3810197,1143059250,1,88,4
dn28,7,3825244,1147573350,1,38,4
dn28,8,3810196,1143058950,1,95,4
dn28,8,3810197,1143059250,1,94,4
dn28,8,3824055,1147216650,1,12,4
dn280,8,3810196,1143058950,1,96,4
dn280,8,3810197,1143059250,1,96,4
dn280,8,3824055,1147216650,1,12,4
dn281,8,3810197,1143059250,1,94,4
dn281,8,3824055,1147216650,1,17,4
dn282,8,3824055,1147216650,1,13,4
dn283,8,3810197,1143059250,1,97,4
dn283,8,3824055,1147216650,1,11,4
dn284,8,3810197,1143059250,1,88,4
dn284,8,3824055,1147216650,1,10,4
dn285,8,3810197,1143059250,1,92,4
dn285,8,3824055,1147216650,1,10,4
dn286,8,3824055,1147216650,1,14,4
dn287,8,3810197,1143059250,1,90,4
dn287,8,3824055,1147216650,1,16,4
dn288,8,3810197,1143059250,1,97,4
dn288,8,3824055,1147216650,1,13,4
dn289,8,3810197,1143059250,1,91,4
dn289,8,3824055,1147216650,1,14,4
dn29,8,3810196,1143058950,1,94,4
dn29,8,3810197,1143059250,1,94,4
dn29,8,3824055,1147216650,1,12,4
dn29,8,3825723,1147717050,1,10,4
dn291,8,3810197,1143059250,1,93,4
dn291,8,3824055,1147216650,1,11,4
dn292,8,3810197,1143059250,1,89,4
dn292,8,3824055,1147216650,1,11,4
dn294,8,3810197,1143059250,1,89,4
dn294,8,3824055,1147216650,1,12,4
dn295,8,3810197,1143059250,1,91,4
dn295,8,3824055,1147216650,1,10,4
dn296,8,3810197,1143059250,1,89,4
dn296,8,3824055,1147216650,1,12,4
dn297,8,3810197,1143059250,1,87,4
dn297,8,3824055,1147216650,1,12,4
dn298,8,3810197,1143059250,1,92,4
dn298,8,3824055,1147216650,1,10,4
dn299,8,3824055,1147216650,1,11,4
dn3,8,3824055,1147216650,1,13,4
dn3,8,3825723,1147717050,1,15,4
dn30,1,3773052,1131915750,1,1591,4
dn30,1,3773545,1132063650,1,1491,4
dn30,1,3788261,1136478450,1,607,4
dn30,1,3795844,1138753350,1,149,4
dn30,8,3824055,1147216650,1,10,4
dn30,8,3825723,1147717050,1,14,4
dn300,8,3824055,1147216650,1,13,4
dn301,8,3824055,1147216650,1,11,4
dn302,8,3824055,1147216650,1,10,4
dn303,8,3824055,1147216650,1,10,4
dn304,8,3824055,1147216650,1,10,4
dn305,8,3810197,1143059250,1,91,4
dn305,8,3824055,1147216650,1,11,4
dn307,8,3824055,1147216650,1,13,4
dn308,8,3824055,1147216650,1,14,4
dn31,8,3810196,1143058950,1,92,4
dn31,8,3810197,1143059250,1,92,4
dn31,8,3824055,1147216650,1,13,4
dn31,8,3825723,1147717050,1,9,4
dn310,8,3824055,1147216650,1,14,4
dn311,8,3824055,1147216650,1,10,4
dn312,2,3775164,1132549350,1,9,4
dn312,8,3824055,1147216650,1,10,4
dn313,8,3824055,1147216650,1,10,4
dn314,8,3824055,1147216650,1,13,4
dn315,8,3824055,1147216650,1,12,4
dn316,8,3824055,1147216650,1,12,4
dn317,8,3824055,1147216650,1,10,4
dn318,8,3824055,1147216650,1,13,4
dn319,8,3824055,1147216650,1,10,4
dn32,8,3810196,1143058950,1,93,4
dn32,8,3810197,1143059250,1,94,4
dn32,8,3824055,1147216650,1,14,4
dn32,8,3825723,1147717050,1,14,4
dn320,8,3824055,1147216650,1,11,4
dn323,8,3824055,1147216650,1,12,4
dn324,8,3824055,1147216650,1,15,4
dn325,8,3824055,1147216650,1,11,4
dn326,8,3824055,1147216650,1,17,4
dn327,8,3824055,1147216650,1,10,4
dn328,8,3824055,1147216650,1,13,4
dn329,8,3824055,1147216650,1,10,4
dn33,8,3810196,1143058950,1,100,4
dn33,8,3810197,1143059250,1,99,4
dn33,8,3824055,1147216650,1,16,4
dn33,8,3825723,1147717050,1,17,4
dn330,8,3824055,1147216650,1,11,4
dn331,8,3824055,1147216650,1,14,4
dn332,8,3824055,1147216650,1,12,4
dn333,8,3824055,1147216650,1,13,4
dn334,8,3824055,1147216650,1,18,4
dn336,8,3824055,1147216650,1,12,4
dn337,8,3824055,1147216650,1,11,4
dn338,8,3824055,1147216650,1,12,4
dn339,8,3824055,1147216650,1,13,4
dn34,8,3810196,1143058950,1,94,4
dn34,8,3810197,1143059250,1,93,4
dn34,8,3824055,1147216650,1,11,4
dn34,8,3825723,1147717050,1,14,4
dn340,8,3824055,1147216650,1,11,4
dn341,8,3824055,1147216650,1,13,4
dn342,8,3824055,1147216650,1,14,4
dn344,8,3824055,1147216650,1,10,4
dn345,8,3824055,1147216650,1,10,4
dn346,1,3800187,1140056250,1,69,4
dn346,2,3800184,1140055350,1,63,4
dn346,2,3800187,1140056250,1,69,4
dn346,2,3800197,1140059250,1,27,4
dn346,2,3800206,1140061950,1,17,4
dn346,2,3800304,1140091350,1,6,4
dn346,2,3800366,1140109950,1,6,4
dn346,2,3800424,1140127350,1,10,4
dn346,2,3800425,1140127650,1,10,4
dn346,2,3800427,1140128250,1,10,4
dn346,2,3801795,1140538650,1,14,4
dn346,2,3802164,1140649350,1,549,4
dn346,2,3802165,1140649650,1,549,4
dn346,7,3800184,1140055350,1,63,4
dn348,8,3824055,1147216650,1,11,4
dn349,8,3824055,1147216650,1,12,4
dn35,8,3810196,1143058950,1,95,4
dn35,8,3810197,1143059250,1,94,4
dn35,8,3824055,1147216650,1,11,4
dn35,8,3825723,1147717050,1,14,4
dn350,8,3824055,1147216650,1,11,4
dn352,8,3824055,1147216650,1,10,4
dn353,8,3824055,1147216650,1,14,4
dn354,8,3824055,1147216650,1,10,4
dn355,8,3824055,1147216650,1,13,4
dn356,8,3824055,1147216650,1,10,4
dn357,8,3824055,1147216650,1,11,4
dn358,8,3824055,1147216650,1,10,4
dn359,8,3824055,1147216650,1,14,4
dn36,8,3810196,1143058950,1,94,4
dn36,8,3810197,1143059250,1,92,4
dn36,8,3824055,1147216650,1,14,4
dn36,8,3825723,1147717050,1,13,4
dn360,8,3824055,1147216650,1,10,4
dn361,8,3824055,1147216650,1,14,4
dn362,8,3824055,1147216650,1,13,4
dn363,8,3824055,1147216650,1,15,4
dn364,8,3824055,1147216650,1,11,4
dn365,8,3824055,1147216650,1,10,4
dn366,8,3824055,1147216650,1,14,4
dn367,8,3824055,1147216650,1,12,4
dn369,8,3824055,1147216650,1,10,4
dn37,8,3810196,1143058950,1,93,4
dn37,8,3810197,1143059250,1,92,4
dn37,8,3824055,1147216650,1,14,4
dn37,8,3825723,1147717050,1,10,4
dn370,8,3824055,1147216650,1,13,4
dn371,8,3824055,1147216650,1,11,4
dn372,8,3824055,1147216650,1,11,4
dn374,8,3824055,1147216650,1,15,4
dn375,8,3824055,1147216650,1,12,4
dn377,8,3824055,1147216650,1,13,4
dn378,8,3824055,1147216650,1,11,4
dn379,8,3824055,1147216650,1,14,4
dn38,8,3810196,1143058950,1,93,4
dn38,8,3810197,1143059250,1,93,4
dn38,8,3824055,1147216650,1,12,4
dn38,8,3825723,1147717050,1,11,4
dn380,8,3824055,1147216650,1,11,4
dn381,8,3824055,1147216650,1,11,4
dn382,8,3824055,1147216650,1,11,4
dn383,8,3824055,1147216650,1,10,4
dn384,8,3824055,1147216650,1,10,4
dn386,8,3824055,1147216650,1,12,4
dn387,8,3824055,1147216650,1,11,4
dn388,8,3824055,1147216650,1,10,4
dn389,8,3824055,1147216650,1,14,4
dn39,8,3810196,1143058950,1,95,4
dn39,8,3810197,1143059250,1,95,4
dn39,8,3824055,1147216650,1,11,4
dn39,8,3825723,1147717050,1,15,4
dn390,8,3824055,1147216650,1,11,4
dn392,8,3824055,1147216650,1,11,4
dn393,1,3840499,1152149850,1,1030,4
dn393,3,3840498,1152149550,1,1030,4
dn393,8,3824055,1147216650,1,12,4
dn394,8,3824055,1147216650,1,11,4
dn396,8,3824055,1147216650,1,19,4
dn397,1,3821713,1146514050,1,831,4
dn398,8,3824055,1147216650,1,15,4
dn399,1,3829788,1148936550,1,3284,4
dn4,8,3810196,1143058950,1,88,4
dn4,8,3810197,1143059250,1,88,4
dn4,8,3824055,1147216650,1,10,4
dn4,8,3825723,1147717050,1,9,4
dn40,8,3810196,1143058950,1,93,4
dn40,8,3810197,1143059250,1,92,4
dn40,8,3824055,1147216650,1,12,4
dn400,8,3824055,1147216650,1,14,4
dn401,8,3824055,1147216650,1,13,4
dn402,1,3805481,1141644450,1,7,4
dn403,8,3824055,1147216650,1,11,4
dn404,8,3824055,1147216650,1,13,4
dn405,8,3824055,1147216650,1,10,4
dn406,8,3824055,1147216650,1,11,4
dn407,8,3824055,1147216650,1,13,4
dn408,8,3824055,1147216650,1,10,4
dn409,8,3824055,1147216650,1,11,4
dn41,2,3774594,1132378350,1,7,4
dn41,8,3824055,1147216650,1,10,4
dn410,8,3824055,1147216650,1,12,4
dn411,8,3824055,1147216650,1,14,4
dn412,8,3824055,1147216650,1,11,4
dn413,8,3824055,1147216650,1,12,4
dn414,8,3824055,1147216650,1,12,4
dn417,8,3824055,1147216650,1,14,4
dn419,8,3824055,1147216650,1,13,4
dn42,8,3810196,1143058950,1,93,4
dn42,8,3810197,1143059250,1,93,4
dn421,8,3824055,1147216650,1,10,4
dn423,8,3824055,1147216650,1,11,4
dn424,8,3824055,1147216650,1,11,4
dn425,8,3824055,1147216650,1,12,4
dn426,8,3824055,1147216650,1,12,4
dn427,1,3787076,1136122950,1,6,4
dn428,8,3824055,1147216650,1,14,4
dn429,8,3824055,1147216650,1,13,4
dn43,1,3841664,1152499350,1,2115,4
dn43,8,3824055,1147216650,1,11,4
dn430,8,3824055,1147216650,1,11,4
dn431,8,3824055,1147216650,1,12,4
dn432,8,3824055,1147216650,1,13,4
dn433,8,3824055,1147216650,1,11,4
dn434,8,3824055,1147216650,1,13,4
dn435,8,3824055,1147216650,1,13,4
dn436,8,3824055,1147216650,1,12,4
dn437,8,3824055,1147216650,1,10,4
dn438,8,3824055,1147216650,1,13,4
dn439,8,3824055,1147216650,1,11,4
dn44,8,3810196,1143058950,1,94,4
dn44,8,3810197,1143059250,1,93,4
dn44,8,3824055,1147216650,1,13,4
dn440,8,3824055,1147216650,1,11,4
dn441,8,3824055,1147216650,1,10,4
dn442,1,3790074,1137022350,1,815,4
dn442,1,3808838,1142651550,1,7,4
dn442,1,3820888,1146266550,1,12,4
dn442,1,3821213,1146364050,1,14,4
dn442,1,3833905,1150171650,1,8,4
dn443,8,3824055,1147216650,1,12,4
dn444,8,3824055,1147216650,1,11,4
dn446,8,3824055,1147216650,1,15,4
dn447,8,3824055,1147216650,1,11,4
dn448,8,3824055,1147216650,1,14,4
dn449,8,3824055,1147216650,1,12,4
dn45,8,3810196,1143058950,1,93,4
dn45,8,3810197,1143059250,1,92,4
dn45,8,3824055,1147216650,1,10,4
dn450,8,3824055,1147216650,1,10,4
dn451,8,3824055,1147216650,1,14,4
dn452,8,3824055,1147216650,1,13,4
dn453,8,3824055,1147216650,1,12,4
dn454,8,3824055,1147216650,1,13,4
dn455,8,3824055,1147216650,1,11,4
dn456,8,3824055,1147216650,1,10,4
dn458,8,3824055,1147216650,1,13,4
dn46,8,3810196,1143058950,1,95,4
dn46,8,3810197,1143059250,1,95,4
dn46,8,3824055,1147216650,1,10,4
dn461,8,3824055,1147216650,1,12,4
dn462,8,3824055,1147216650,1,13,4
dn464,8,3824055,1147216650,1,11,4
dn465,8,3824055,1147216650,1,14,4
dn466,8,3824055,1147216650,1,11,4
dn467,1,3797893,1139368050,1,792,4
dn467,8,3824055,1147216650,1,14,4
dn469,8,3824055,1147216650,1,12,4
dn47,8,3810196,1143058950,1,96,4
dn47,8,3810197,1143059250,1,96,4
dn47,8,3824055,1147216650,1,12,4
dn470,8,3824055,1147216650,1,13,4
dn471,8,3824055,1147216650,1,11,4
dn472,8,3824055,1147216650,1,15,4
dn473,8,3824055,1147216650,1,15,4
dn474,8,3824055,1147216650,1,10,4
dn475,8,3824055,1147216650,1,12,4
dn476,8,3824055,1147216650,1,14,4
dn477,8,3824055,1147216650,1,11,4
dn478,8,3824055,1147216650,1,14,4
dn479,8,3824055,1147216650,1,10,4
dn48,8,3810196,1143058950,1,98,4
dn48,8,3810197,1143059250,1,98,4
dn48,8,3824055,1147216650,1,10,4
dn480,8,3824055,1147216650,1,15,4
dn481,8,3824055,1147216650,1,14,4
dn482,8,3824055,1147216650,1,11,4
dn483,1,3779135,1133740650,1,1671,4
dn483,8,3824055,1147216650,1,11,4
dn484,8,3824055,1147216650,1,10,4
dn485,8,3824055,1147216650,1,11,4
dn486,8,3824055,1147216650,1,13,4
dn487,8,3824055,1147216650,1,10,4
dn488,8,3824055,1147216650,1,14,4
dn489,8,3824055,1147216650,1,12,4
dn49,8,3824055,1147216650,1,11,4
dn490,8,3824055,1147216650,1,10,4
dn491,8,3824055,1147216650,1,10,4
dn493,8,3824055,1147216650,1,12,4
dn494,8,3824055,1147216650,1,17,4
dn495,8,3824055,1147216650,1,12,4
dn497,8,3824055,1147216650,1,13,4
dn499,8,3824055,1147216650,1,13,4
dn5,8,3810196,1143058950,1,87,4
dn5,8,3810197,1143059250,1,86,4
dn5,8,3824055,1147216650,1,12,4
dn5,8,3825723,1147717050,1,10,4
dn50,8,3810196,1143058950,1,96,4
dn50,8,3810197,1143059250,1,96,4
dn50,8,3824055,1147216650,1,11,4
dn500,8,3824055,1147216650,1,12,4
dn501,8,3824055,1147216650,1,11,4
dn502,8,3824055,1147216650,1,12,4
dn503,8,3824055,1147216650,1,14,4
dn504,8,3824055,1147216650,1,10,4
dn505,8,3824055,1147216650,1,12,4
dn506,8,3824055,1147216650,1,12,4
dn507,8,3824055,1147216650,1,15,4
dn508,8,3824055,1147216650,1,14,4
dn509,8,3824055,1147216650,1,12,4
dn51,8,3824055,1147216650,1,11,4
dn510,8,3824055,1147216650,1,15,4
dn511,8,3824055,1147216650,1,11,4
dn512,8,3824055,1147216650,1,14,4
dn513,8,3824055,1147216650,1,15,4
dn514,8,3824055,1147216650,1,10,4
dn515,8,3824055,1147216650,1,11,4
dn516,8,3824055,1147216650,1,12,4
dn518,8,3824055,1147216650,1,12,4
dn519,8,3824055,1147216650,1,13,4
dn52,8,3810196,1143058950,1,91,4
dn52,8,3810197,1143059250,1,91,4
dn52,8,3824055,1147216650,1,12,4
dn520,8,3824055,1147216650,1,12,4
dn521,8,3824055,1147216650,1,15,4
dn522,8,3824055,1147216650,1,10,4
dn523,8,3824055,1147216650,1,12,4
dn524,8,3824055,1147216650,1,15,4
dn525,8,3824055,1147216650,1,11,4
dn526,1,3785435,1135630650,1,6,4
dn526,1,3800343,1140103050,1,8,4
dn526,8,3824055,1147216650,1,14,4
dn527,8,3824055,1147216650,1,16,4
dn528,8,3824055,1147216650,1,12,4
dn529,8,3824055,1147216650,1,15,4
dn53,8,3824055,1147216650,1,10,4
dn530,8,3824055,1147216650,1,13,4
dn531,8,3824055,1147216650,1,10,4
dn532,8,3824055,1147216650,1,11,4
dn533,8,3824055,1147216650,1,11,4
dn534,1,3838252,1151475750,1,2,2
dn535,8,3824055,1147216650,1,14,4
dn536,8,3824055,1147216650,1,14,4
dn537,8,3824055,1147216650,1,12,4
dn538,8,3824055,1147216650,1,10,4
dn539,8,3824055,1147216650,1,13,4
dn54,8,3810196,1143058950,1,92,4
dn54,8,3810197,1143059250,1,92,4
dn54,8,3824055,1147216650,1,10,4
dn540,8,3824055,1147216650,1,10,4
dn541,8,3824055,1147216650,1,15,4
dn542,8,3824055,1147216650,1,13,4
dn543,8,3824055,1147216650,1,10,4
dn544,8,3824055,1147216650,1,12,4
dn545,8,3824055,1147216650,1,14,4
dn546,8,3824055,1147216650,1,13,4
dn547,8,3824055,1147216650,1,16,4
dn548,8,3824055,1147216650,1,12,4
dn549,8,3824055,1147216650,1,13,4
dn55,8,3810196,1143058950,1,94,4
dn55,8,3810197,1143059250,1,95,4
dn55,8,3824055,1147216650,1,12,4
dn550,8,3824055,1147216650,1,15,4
dn551,8,3824055,1147216650,1,12,4
dn552,8,3824055,1147216650,1,11,4
dn553,8,3824055,1147216650,1,15,4
dn554,8,3824055,1147216650,1,13,4
dn555,8,3824055,1147216650,1,11,4
dn556,8,3824055,1147216650,1,14,4
dn557,8,3824055,1147216650,1,13,4
dn558,8,3824055,1147216650,1,13,4
dn559,8,3824055,1147216650,1,11,4
dn56,8,3810196,1143058950,1,91,4
dn56,8,3810197,1143059250,1,90,4
dn56,8,3824055,1147216650,1,13,4
dn560,8,3824055,1147216650,1,12,4
dn561,8,3824055,1147216650,1,16,4
dn562,8,3824055,1147216650,1,12,4
dn563,8,3824055,1147216650,1,14,4
dn564,8,3824055,1147216650,1,13,4
dn565,8,3824055,1147216650,1,10,4
dn566,1,3791330,1137399150,1,1118,4
dn566,3,3791729,1137518850,1,3282,4
dn57,8,3810196,1143058950,1,98,4
dn57,8,3810197,1143059250,1,97,4
dn57,8,3824055,1147216650,1,11,4
dn573,8,3824055,1147216650,1,15,4
dn574,8,3824055,1147216650,1,11,4
dn575,8,3824055,1147216650,1,11,4
dn576,8,3824055,1147216650,1,11,4
dn577,8,3824055,1147216650,1,10,4
dn578,8,3824055,1147216650,1,13,4
dn579,8,3824055,1147216650,1,11,4
dn58,8,3810196,1143058950,1,93,4
dn58,8,3810197,1143059250,1,94,4
dn58,8,3824055,1147216650,1,10,4
dn580,8,3824055,1147216650,1,13,4
dn581,8,3824055,1147216650,1,12,4
dn582,8,3824055,1147216650,1,12,4
dn583,8,3824055,1147216650,1,10,4
dn584,8,3824055,1147216650,1,11,4
dn585,8,3824055,1147216650,1,12,4
dn586,8,3824055,1147216650,1,11,4
dn587,8,3824055,1147216650,1,12,4
dn588,8,3824055,1147216650,1,13,4
dn589,8,3824055,1147216650,1,11,4
dn59,8,3810196,1143058950,1,91,4
dn59,8,3810197,1143059250,1,91,4
dn59,8,3824055,1147216650,1,10,4
dn590,8,3824055,1147216650,1,16,4
dn591,7,3838082,1151424750,1,569,4
dn591,8,3824055,1147216650,1,13,4
dn592,8,3824055,1147216650,1,12,4
dn594,8,3824055,1147216650,1,11,4
dn595,8,3824055,1147216650,1,13,4
dn596,8,3824055,1147216650,1,11,4
dn597,8,3824055,1147216650,1,13,4
dn598,1,3803655,1141096650,1,1558,4
dn598,8,3824055,1147216650,1,10,4
dn599,8,3824055,1147216650,1,13,4
dn6,2,3788476,1136542950,1,59,4
dn6,2,3788487,1136546250,1,59,4
dn6,2,3789072,1136721750,1,4,4
dn6,2,3789482,1136844750,1,6,4
dn6,3,3788487,1136546250,1,59,4
dn6,8,3810196,1143058950,1,82,4
dn6,8,3810197,1143059250,1,81,4
dn6,8,3824055,1147216650,1,10,4
dn6,8,3825723,1147717050,1,11,4
dn60,8,3810196,1143058950,1,97,4
dn60,8,3810197,1143059250,1,96,4
dn60,8,3824055,1147216650,1,10,4
dn600,8,3824055,1147216650,1,14,4
dn601,8,3824055,1147216650,1,13,4
dn602,8,3824055,1147216650,1,12,4
dn605,8,3824055,1147216650,1,11,4
dn607,8,3824055,1147216650,1,13,4
dn608,8,3824055,1147216650,1,11,4
dn609,1,3783472,1135041750,1,1539,4
dn609,8,3824055,1147216650,1,10,4
dn61,8,3810196,1143058950,1,96,4
dn61,8,3810197,1143059250,1,97,4
dn61,8,3824055,1147216650,1,11,4
dn610,8,3824055,1147216650,1,16,4
dn612,8,3824055,1147216650,1,11,4
dn613,8,3824055,1147216650,1,14,4
dn614,8,3824055,1147216650,1,13,4
dn615,8,3824055,1147216650,1,11,4
dn616,8,3824055,1147216650,1,12,4
dn617,8,3824055,1147216650,1,13,4
dn618,1,3803780,1141134150,1,2,2
dn618,1,3808128,1142438550,1,16,4
dn618,8,3824055,1147216650,1,11,4
dn619,8,3824055,1147216650,1,12,4
dn62,8,3810196,1143058950,1,91,4
dn62,8,3810197,1143059250,1,92,4
dn62,8,3824055,1147216650,1,12,4
dn620,8,3824055,1147216650,1,14,4
dn621,8,3824055,1147216650,1,12,4
dn622,8,3824055,1147216650,1,13,4
dn623,8,3824055,1147216650,1,14,4
dn624,8,3824055,1147216650,1,14,4
dn626,8,3824055,1147216650,1,12,4
dn627,8,3824055,1147216650,1,14,4
dn628,1,3795855,1138756650,1,1159,4
dn628,8,3824055,1147216650,1,10,4
dn629,8,3824055,1147216650,1,12,4
dn63,8,3810196,1143058950,1,94,4
dn63,8,3810197,1143059250,1,94,4
dn63,8,3824055,1147216650,1,11,4
dn630,8,3824055,1147216650,1,11,4
dn631,8,3824055,1147216650,1,14,4
dn632,1,3821196,1146358950,1,644,4
dn632,1,3826008,1147802550,1,645,4
dn632,7,3790683,1137205050,1,37,4
dn632,7,3810072,1143021750,1,20,4
dn632,7,3812558,1143767550,1,950,4
dn632,7,3813067,1143920250,1,370,4
dn632,7,3814702,1144410750,1,22,4
dn632,7,3818430,1145529150,1,28,4
dn632,7,3820232,1146069750,1,1050,4
dn632,7,3821196,1146358950,1,644,4
dn632,7,3821523,1146457050,1,419,4
dn632,7,3822276,1146682950,1,517,4
dn632,7,3824073,1147222050,1,21,4
dn632,7,3825766,1147729950,1,87,4
dn632,7,3826008,1147802550,1,645,4
dn634,8,3824055,1147216650,1,10,4
dn635,8,3824055,1147216650,1,13,4
dn636,8,3824055,1147216650,1,11,4
dn637,8,3824055,1147216650,1,12,4
dn638,8,3824055,1147216650,1,11,4
dn639,8,3824055,1147216650,1,13,4
dn64,8,3810196,1143058950,1,98,4
dn64,8,3810197,1143059250,1,98,4
dn640,8,3824055,1147216650,1,11,4
dn641,8,3824055,1147216650,1,15,4
dn642,8,3824055,1147216650,1,16,4
dn643,8,3824055,1147216650,1,13,4
dn644,8,3824055,1147216650,1,12,4
dn645,8,3824055,1147216650,1,16,4
dn646,8,3824055,1147216650,1,11,4
dn647,8,3824055,1147216650,1,16,4
dn648,8,3824055,1147216650,1,10,4
dn649,8,3824055,1147216650,1,18,4
dn65,8,3810196,1143058950,1,98,4
dn65,8,3810197,1143059250,1,98,4
dn65,8,3824055,1147216650,1,12,4
dn650,8,3824055,1147216650,1,11,4
dn651,8,3824055,1147216650,1,15,4
dn652,8,3824055,1147216650,1,12,4
dn653,8,3824055,1147216650,1,13,4
dn654,8,3824055,1147216650,1,10,4
dn655,8,3824055,1147216650,1,12,4
dn656,8,3824055,1147216650,1,16,4
dn657,8,3824055,1147216650,1,14,4
dn658,8,3824055,1147216650,1,13,4
dn659,8,3824055,1147216650,1,15,4
dn660,8,3824055,1147216650,1,14,4
dn661,8,3824055,1147216650,1,16,4
dn662,1,3803955,1141186650,1,6,4
dn662,8,3824055,1147216650,1,13,4
dn663,8,3824055,1147216650,1,15,4
dn664,8,3824055,1147216650,1,10,4
dn665,8,3824055,1147216650,1,11,4
dn666,8,3824055,1147216650,1,10,4
dn667,8,3824055,1147216650,1,14,4
dn668,8,3824055,1147216650,1,10,4
dn669,8,3824055,1147216650,1,13,4
dn67,1,3798663,1139599050,1,1844,4
dn67,8,3810196,1143058950,1,90,4
dn67,8,3810197,1143059250,1,90,4
dn67,8,3824055,1147216650,1,11,4
dn670,8,3824055,1147216650,1,11,4
dn671,8,3824055,1147216650,1,12,4
dn672,8,3824055,1147216650,1,14,4
dn673,8,3824055,1147216650,1,13,4
dn674,8,3824055,1147216650,1,11,4
dn675,8,3824055,1147216650,1,12,4
dn676,8,3824055,1147216650,1,15,4
dn678,8,3824055,1147216650,1,11,4
dn679,8,3824055,1147216650,1,14,4
dn68,8,3810196,1143058950,1,95,4
dn68,8,3810197,1143059250,1,94,4
dn681,8,3824055,1147216650,1,16,4
dn682,1,3803721,1141116450,1,1579,4
dn682,8,3824055,1147216650,1,13,4
dn683,8,3824055,1147216650,1,13,4
dn684,8,3824055,1147216650,1,14,4
dn686,8,3824055,1147216650,1,10,4
dn687,8,3824055,1147216650,1,15,4
dn688,8,3824055,1147216650,1,12,4
dn689,8,3824055,1147216650,1,13,4
dn69,8,3824055,1147216650,1,10,4
dn690,8,3824055,1147216650,1,11,4
dn691,8,3824055,1147216650,1,13,4
dn692,8,3824055,1147216650,1,12,4
dn693,8,3824055,1147216650,1,13,4
dn694,8,3824055,1147216650,1,12,4
dn695,8,3824055,1147216650,1,11,4
dn696,8,3824055,1147216650,1,13,4
dn697,8,3824055,1147216650,1,11,4
dn698,8,3824055,1147216650,1,13,4
dn699,8,3824055,1147216650,1,15,4
dn7,8,3810196,1143058950,1,86,4
dn7,8,3810197,1143059250,1,86,4
dn7,8,3824055,1147216650,1,12,4
dn7,8,3825723,1147717050,1,13,4
dn70,8,3810196,1143058950,1,91,4
dn70,8,3810197,1143059250,1,92,4
dn70,8,3824055,1147216650,1,12,4
dn700,8,3824055,1147216650,1,11,4
dn701,8,3824055,1147216650,1,10,4
dn702,8,3824055,1147216650,1,11,4
dn703,8,3824055,1147216650,1,13,4
dn704,8,3824055,1147216650,1,13,4
dn705,8,3824055,1147216650,1,11,4
dn706,8,3824055,1147216650,1,12,4
dn707,8,3824055,1147216650,1,11,4
dn708,1,3835759,1150727850,1,5,4
dn708,1,3839746,1151923950,1,6,4
dn708,8,3824055,1147216650,1,12,4
dn709,8,3824055,1147216650,1,14,4
dn71,8,3810196,1143058950,1,94,4
dn71,8,3810197,1143059250,1,94,4
dn71,8,3824055,1147216650,1,14,4
dn710,8,3824055,1147216650,1,11,4
dn711,8,3824055,1147216650,1,17,4
dn712,8,3824055,1147216650,1,12,4
dn713,8,3824055,1147216650,1,15,4
dn714,8,3824055,1147216650,1,13,4
dn715,8,3824055,1147216650,1,13,4
dn716,8,3824055,1147216650,1,14,4
dn717,8,3824055,1147216650,1,12,4
dn719,8,3824055,1147216650,1,13,4
dn72,7,3794858,1138457550,1,11,4
dn72,8,3810196,1143058950,1,89,4
dn72,8,3810197,1143059250,1,89,4
dn72,8,3824055,1147216650,1,12,4
dn720,8,3824055,1147216650,1,11,4
dn721,8,3824055,1147216650,1,12,4
dn722,8,3824055,1147216650,1,12,4
dn723,8,3824055,1147216650,1,13,4
dn724,8,3824055,1147216650,1,11,4
dn725,8,3824055,1147216650,1,15,4
dn726,8,3824055,1147216650,1,14,4
dn727,8,3824055,1147216650,1,10,4
dn728,8,3824055,1147216650,1,13,4
dn729,8,3824055,1147216650,1,14,4
dn73,8,3824055,1147216650,1,12,4
dn730,8,3824055,1147216650,1,13,4
dn731,8,3824055,1147216650,1,14,4
dn732,3,3791450,1137435150,1,499,4
dn732,7,3816149,1144844850,1,1370,4
dn732,8,3824055,1147216650,1,11,4
dn733,8,3824055,1147216650,1,14,4
dn734,8,3824055,1147216650,1,11,4
dn735,8,3824055,1147216650,1,15,4
dn736,8,3824055,1147216650,1,14,4
dn737,8,3824055,1147216650,1,15,4
dn738,8,3824055,1147216650,1,10,4
dn739,8,3824055,1147216650,1,14,4
dn74,8,3810196,1143058950,1,101,4
dn74,8,3810197,1143059250,1,102,4
dn74,8,3824055,1147216650,1,13,4
dn740,1,3806776,1142032950,1,933,4
dn742,8,3824055,1147216650,1,11,4
dn744,8,3824055,1147216650,1,13,4
dn745,1,3817620,1145286150,1,90,4
dn746,8,3824055,1147216650,1,11,4
dn747,8,3824055,1147216650,1,10,4
dn748,8,3824055,1147216650,1,13,4
dn749,8,3824055,1147216650,1,14,4
dn75,8,3810196,1143058950,1,94,4
dn75,8,3810197,1143059250,1,94,4
dn75,8,3824055,1147216650,1,10,4
dn750,8,3824055,1147216650,1,12,4
dn751,8,3824055,1147216650,1,10,4
dn752,8,3824055,1147216650,1,13,4
dn753,8,3824055,1147216650,1,11,4
dn754,8,3824055,1147216650,1,13,4
dn755,8,3824055,1147216650,1,11,4
dn756,8,3824055,1147216650,1,13,4
dn759,8,3824055,1147216650,1,11,4
dn76,8,3810196,1143058950,1,90,4
dn76,8,3810197,1143059250,1,90,4
dn76,8,3824055,1147216650,1,12,4
dn760,8,3824055,1147216650,1,14,4
dn761,8,3824055,1147216650,1,12,4
dn762,8,3824055,1147216650,1,13,4
dn763,8,3824055,1147216650,1,11,4
dn764,8,3824055,1147216650,1,11,4
dn765,8,3824055,1147216650,1,14,4
dn766,8,3824055,1147216650,1,12,4
dn767,8,3824055,1147216650,1,11,4
dn768,8,3824055,1147216650,1,11,4
dn77,8,3824055,1147216650,1,11,4
dn770,8,3824055,1147216650,1,10,4
dn771,8,3824055,1147216650,1,14,4
dn772,8,3824055,1147216650,1,16,4
dn773,8,3824055,1147216650,1,10,4
dn774,8,3824055,1147216650,1,18,4
dn775,8,3824055,1147216650,1,12,4
dn776,8,3824055,1147216650,1,10,4
dn777,8,3824055,1147216650,1,11,4
dn778,8,3824055,1147216650,1,11,4
dn779,8,3824055,1147216650,1,12,4
dn78,8,3810196,1143058950,1,94,4
dn78,8,3810197,1143059250,1,95,4
dn781,1,3803955,1141186650,1,6,4
dn781,8,3824055,1147216650,1,15,4
dn782,1,3815607,1144682250,1,129,4
dn783,8,3824055,1147216650,1,14,4
dn784,8,3828314,1148494350,1,11,4
dn785,8,3824055,1147216650,1,11,4
dn785,8,3828314,1148494350,1,8,4
dn786,8,3824055,1147216650,1,12,4
dn786,8,3828314,1148494350,1,5,4
dn787,1,3811110,1143333150,1,1522,4
dn788,8,3824055,1147216650,1,15,4
dn788,8,3828314,1148494350,1,6,4
dn789,8,3824055,1147216650,1,14,4
dn790,8,3824055,1147216650,1,12,4
dn791,8,3824055,1147216650,1,12,4
dn792,8,3824055,1147216650,1,14,4
dn793,8,3824055,1147216650,1,13,4
dn794,8,3824055,1147216650,1,10,4
dn795,8,3824055,1147216650,1,11,4
dn796,8,3824055,1147216650,1,12,4
dn797,8,3824055,1147216650,1,18,4
dn798,8,3824055,1147216650,1,13,4
dn799,8,3824055,1147216650,1,14,4
dn8,8,3810196,1143058950,1,86,4
dn8,8,3810197,1143059250,1,86,4
dn8,8,3824055,1147216650,1,11,4
dn8,8,3825723,1147717050,1,14,4
dn80,8,3810196,1143058950,1,94,4
dn80,8,3810197,1143059250,1,95,4
dn80,8,3824055,1147216650,1,15,4
dn800,8,3824055,1147216650,1,14,4
dn801,8,3824055,1147216650,1,11,4
dn803,8,3824055,1147216650,1,12,4
dn804,8,3824055,1147216650,1,11,4
dn805,8,3824055,1147216650,1,15,4
dn806,8,3824055,1147216650,1,13,4
dn807,8,3824055,1147216650,1,10,4
dn808,8,3824055,1147216650,1,11,4
dn809,8,3824055,1147216650,1,14,4
dn81,8,3810196,1143058950,1,95,4
dn81,8,3810197,1143059250,1,95,4
dn81,8,3824055,1147216650,1,13,4
dn810,8,3824055,1147216650,1,15,4
dn811,8,3824055,1147216650,1,12,4
dn812,8,3824055,1147216650,1,13,4
dn813,8,3824055,1147216650,1,11,4
dn813,9,3832410,1149723150,1,2,2
dn814,8,3824055,1147216650,1,12,4
dn815,8,3824055,1147216650,1,12,4
dn816,8,3824055,1147216650,1,11,4
dn817,8,3824055,1147216650,1,13,4
dn818,1,3778506,1133551950,1,438,4
dn818,8,3824055,1147216650,1,10,4
dn82,8,3810196,1143058950,1,95,4
dn82,8,3810197,1143059250,1,95,4
dn82,8,3824055,1147216650,1,10,4
dn820,8,3824055,1147216650,1,10,4
dn821,8,3824055,1147216650,1,13,4
dn823,8,3824055,1147216650,1,13,4
dn824,8,3824055,1147216650,1,14,4
dn825,1,3785004,1135501350,1,2992,4
dn826,8,3824055,1147216650,1,12,4
dn827,8,3824055,1147216650,1,11,4
dn828,8,3824055,1147216650,1,13,4
dn829,8,3824055,1147216650,1,10,4
dn83,8,3824055,1147216650,1,15,4
dn830,1,3841068,1152320550,1,4,4
dn830,8,3824055,1147216650,1,11,4
dn831,8,3824055,1147216650,1,10,4
dn832,8,3824055,1147216650,1,15,4
dn833,8,3824055,1147216650,1,12,4
dn834,8,3824055,1147216650,1,13,4
dn835,8,3824055,1147216650,1,14,4
dn836,8,3824055,1147216650,1,15,4
dn837,8,3824055,1147216650,1,13,4
dn838,8,3824055,1147216650,1,12,4
dn839,8,3824055,1147216650,1,15,4
dn84,8,3810196,1143058950,1,95,4
dn84,8,3810197,1143059250,1,96,4
dn84,8,3824055,1147216650,1,15,4
dn840,8,3824055,1147216650,1,16,4
dn841,8,3824055,1147216650,1,11,4
dn842,8,3824055,1147216650,1,11,4
dn843,8,3824055,1147216650,1,10,4
dn844,1,3812146,1143643950,1,590,4
dn844,8,3824055,1147216650,1,12,4
dn845,8,3824055,1147216650,1,11,4
dn846,8,3824055,1147216650,1,16,4
dn847,8,3824055,1147216650,1,14,4
dn848,8,3824055,1147216650,1,12,4
dn849,8,3824055,1147216650,1,11,4
dn85,8,3810196,1143058950,1,96,4
dn85,8,3810197,1143059250,1,96,4
dn85,8,3824055,1147216650,1,13,4
dn850,8,3824055,1147216650,1,12,4
dn851,8,3824055,1147216650,1,11,4
dn852,8,3824055,1147216650,1,11,4
dn853,8,3824055,1147216650,1,13,4
dn854,8,3824055,1147216650,1,10,4
dn855,8,3824055,1147216650,1,13,4
dn856,8,3824055,1147216650,1,11,4
dn857,8,3824055,1147216650,1,13,4
dn858,1,3813686,1144105950,1,152,4
dn858,8,3824055,1147216650,1,11,4
dn859,8,3824055,1147216650,1,13,4
dn86,8,3810196,1143058950,1,94,4
dn86,8,3810197,1143059250,1,94,4
dn86,8,3824055,1147216650,1,10,4
dn860,8,3824055,1147216650,1,11,4
dn861,8,3824055,1147216650,1,11,4
dn862,8,3824055,1147216650,1,12,4
dn863,8,3824055,1147216650,1,11,4
dn864,8,3824055,1147216650,1,11,4
dn865,8,3824055,1147216650,1,12,4
dn867,8,3824055,1147216650,1,12,4
dn868,8,3824055,1147216650,1,13,4
dn869,8,3824055,1147216650,1,12,4
dn87,8,3810196,1143058950,1,94,4
dn87,8,3810197,1143059250,1,94,4
dn87,8,3824055,1147216650,1,13,4
dn870,8,3824055,1147216650,1,14,4
dn871,8,3824055,1147216650,1,15,4
dn872,8,3824055,1147216650,1,10,4
dn873,8,3824055,1147216650,1,14,4
dn874,8,3824055,1147216650,1,12,4
dn875,7,3798576,1139572950,1,90,4
dn876,8,3824055,1147216650,1,12,4
dn877,8,3824055,1147216650,1,11,4
dn879,8,3824055,1147216650,1,12,4
dn88,8,3824055,1147216650,1,11,4
dn880,8,3824055,1147216650,1,12,4
dn881,8,3824055,1147216650,1,14,4
dn882,8,3824055,1147216650,1,12,4
dn883,8,3824055,1147216650,1,14,4
dn884,8,3824055,1147216650,1,11,4
dn885,8,3824055,1147216650,1,11,4
dn886,8,3824055,1147216650,1,13,4
dn887,8,3824055,1147216650,1,11,4
dn888,8,3824055,1147216650,1,12,4
dn889,8,3824055,1147216650,1,10,4
dn89,8,3824055,1147216650,1,11,4
dn890,8,3824055,1147216650,1,12,4
dn891,8,3824055,1147216650,1,12,4
dn892,8,3824055,1147216650,1,10,4
dn893,8,3824055,1147216650,1,13,4
dn894,8,3824055,1147216650,1,14,4
dn895,8,3824055,1147216650,1,13,4
dn896,9,3824973,1147492050,1,20,4
dn898,1,3800006,1140001950,1,4,4
dn898,8,3824055,1147216650,1,13,4
dn899,8,3824055,1147216650,1,12,4
dn9,8,3810196,1143058950,1,90,4
dn9,8,3810197,1143059250,1,89,4
dn9,8,3824055,1147216650,1,13,4
dn9,8,3825723,1147717050,1,11,4
dn90,8,3824055,1147216650,1,12,4
dn900,8,3824055,1147216650,1,11,4
dn901,8,3824055,1147216650,1,15,4
dn902,8,3824055,1147216650,1,11,4
dn903,8,3824055,1147216650,1,15,4
dn904,8,3824055,1147216650,1,15,4
dn905,8,3824055,1147216650,1,12,4
dn906,8,3824055,1147216650,1,15,4
dn907,8,3824055,1147216650,1,12,4
dn908,8,3810195,1143058650,1,9,4
dn908,8,3824055,1147216650,1,11,4
dn909,8,3824055,1147216650,1,11,4
dn91,8,3824055,1147216650,1,11,4
dn910,8,3824055,1147216650,1,14,4
dn911,8,3824055,1147216650,1,13,4
dn912,8,3824055,1147216650,1,11,4
dn913,8,3824055,1147216650,1,14,4
dn914,1,3813026,1143907950,1,7,4
dn914,8,3824055,1147216650,1,13,4
dn915,8,3824055,1147216650,1,15,4
dn916,8,3824055,1147216650,1,13,4
dn917,8,3824055,1147216650,1,13,4
dn918,8,3824055,1147216650,1,11,4
dn919,8,3824055,1147216650,1,11,4
dn92,8,3824055,1147216650,1,12,4
dn920,8,3824055,1147216650,1,11,4
dn921,8,3824055,1147216650,1,11,4
dn922,8,3824055,1147216650,1,13,4
dn923,8,3824055,1147216650,1,17,4
dn924,8,3824055,1147216650,1,15,4
dn925,8,3824055,1147216650,1,12,4
dn926,8,3824055,1147216650,1,12,4
dn926,9,3835041,1150512450,1,8,4
dn927,1,3795870,1138761150,1,1092,4
dn927,8,3824055,1147216650,1,10,4
dn928,8,3824055,1147216650,1,17,4
dn929,8,3824055,1147216650,1,13,4
dn93,8,3824055,1147216650,1,11,4
dn930,8,3824055,1147216650,1,17,4
dn931,8,3824055,1147216650,1,12,4
dn932,8,3824055,1147216650,1,13,4
dn933,8,3824055,1147216650,1,11,4
dn934,8,3824055,1147216650,1,10,4
dn935,8,3824055,1147216650,1,11,4
dn936,8,3824055,1147216650,1,15,4
dn937,8,3824055,1147216650,1,13,4
dn938,8,3824055,1147216650,1,11,4
dn939,8,3824055,1147216650,1,12,4
dn94,8,3824055,1147216650,1,14,4
dn940,8,3824055,1147216650,1,15,4
dn941,8,3824055,1147216650,1,14,4
dn942,8,3824055,1147216650,1,14,4
dn944,8,3824055,1147216650,1,14,4
dn945,8,3824055,1147216650,1,14,4
dn946,8,3824055,1147216650,1,11,4
dn947,8,3824055,1147216650,1,10,4
dn948,8,3824055,1147216650,1,12,4
dn949,8,3824055,1147216650,1,11,4
dn95,8,3824055,1147216650,1,15,4
dn950,8,3824055,1147216650,1,13,4
dn950,9,3826371,1147911450,1,1,1
dn951,8,3824055,1147216650,1,14,4
dn952,8,3824055,1147216650,1,12,4
dn953,8,3824055,1147216650,1,12,4
dn954,8,3824055,1147216650,1,12,4
dn955,8,3824055,1147216650,1,14,4
dn956,8,3824055,1147216650,1,13,4
dn957,8,3824055,1147216650,1,16,4
dn958,8,3824055,1147216650,1,13,4
dn959,1,3838040,1151412150,1,1,1
dn959,8,3824055,1147216650,1,10,4
dn96,8,3824055,1147216650,1,12,4
dn960,8,3824055,1147216650,1,11,4
dn961,8,3824055,1147216650,1,12,4
dn962,8,3824055,1147216650,1,13,4
dn963,8,3824055,1147216650,1,15,4
dn964,8,3824055,1147216650,1,13,4
dn965,8,3824055,1147216650,1,11,4
dn966,8,3824055,1147216650,1,11,4
dn967,8,3824055,1147216650,1,12,4
dn968,8,3824055,1147216650,1,15,4
dn969,8,3824055,1147216650,1,13,4
dn97,8,3824055,1147216650,1,11,4
dn970,8,3824055,1147216650,1,12,4
dn971,8,3824055,1147216650,1,13,4
dn973,8,3824055,1147216650,1,11,4
dn974,8,3824055,1147216650,1,14,4
dn975,8,3824055,1147216650,1,13,4
dn976,8,3824055,1147216650,1,16,4
dn977,8,3824055,1147216650,1,11,4
dn978,8,3824055,1147216650,1,10,4
dn979,8,3824055,1147216650,1,11,4
dn98,8,3824055,1147216650,1,11,4
dn980,8,3824055,1147216650,1,13,4
dn981,8,3824055,1147216650,1,13,4
dn982,8,3824055,1147216650,1,14,4
dn983,8,3824055,1147216650,1,15,4
dn984,8,3824055,1147216650,1,13,4
dn985,8,3824055,1147216650,1,10,4
dn986,8,3824055,1147216650,1,13,4
dn987,8,3824055,1147216650,1,12,4
dn988,8,3824055,1147216650,1,11,4
dn989,8,3824055,1147216650,1,11,4
dn99,8,3824055,1147216650,1,13,4
dn990,8,3824055,1147216650,1,12,4
dn991,8,3824055,1147216650,1,11,4
dn992,8,3824055,1147216650,1,11,4
dn994,8,3824055,1147216650,1,11,4
dn995,8,3824055,1147216650,1,13,4
dn996,8,3824055,1147216650,1,10,4
dn997,8,3824055,1147216650,1,13,4
dn998,8,3824055,1147216650,1,12,4
en1,1,3790074,1137022350,1,80,4
en1,1,3811641,1143492450,1,569,4
en1,1,3812252,1143675750,1,725,4
en1,1,3812486,1143745950,1,1981,4
en1,1,3812496,1143748950,1,2504,4
en1,1,3812508,1143752550,1,2115,4
en1,1,3812756,1143826950,1,117,4
en1,1,3812829,1143848850,1,714,4
en1,1,3813936,1144180950,1,157,4
en1,1,3822523,1146757050,1,17,4
en1,1,3822858,1146857550,1,234,4
en1,1,3823731,1147119450,1,20,4
en1,1,3824279,1147283850,1,499,4
en1,1,3824325,1147297650,1,1170,4
en1,1,3824342,1147302750,1,1126,4
en1,1,3824345,1147303650,1,1126,4
en1,1,3824358,1147307550,1,1107,4
en1,1,3830352,1149105750,1,54,4
en1,1,3839820,1151946150,1,469,4
en1,1,3839904,1151971350,1,6,4
en10,1,3790072,1137021750,1,88,4
en10,1,3812496,1143748950,1,78,4
en10,1,3812829,1143848850,1,1200,4
en10,1,3813936,1144180950,1,675,4
en10,1,3822523,1146757050,1,45,4
en10,1,3822904,1146871350,1,776,4
en10,1,3823750,1147125150,1,888,4
en10,1,3830351,1149105450,1,56,4
en10,1,3839904,1151971350,1,6,4
en100,1,3790020,1137006150,1,184,4
en100,1,3812496,1143748950,1,687,4
en100,1,3812756,1143826950,1,29,4
en100,1,3812829,1143848850,1,750,4
en100,1,3813936,1144180950,1,1268,4
en100,8,3824055,1147216650,1,10,4
en101,1,3790020,1137006150,1,168,4
en101,1,3812496,1143748950,1,1245,4
en101,1,3812755,1143826650,1,453,4
en101,1,3812829,1143848850,1,1006,4
en101,1,3813936,1144180950,1,716,4
en101,8,3824055,1147216650,1,11,4
en102,1,3790020,1137006150,1,154,4
en102,1,3812496,1143748950,1,559,4
en102,1,3812756,1143826950,1,29,4
en102,1,3812829,1143848850,1,560,4
en102,1,3813936,1144180950,1,428,4
en102,8,3824055,1147216650,1,10,4
en103,1,3790020,1137006150,1,244,4
en103,1,3812496,1143748950,1,1157,4
en103,1,3812757,1143827250,1,28,4
en103,1,3812829,1143848850,1,1720,4
en103,1,3813935,1144180650,1,100,4
en104,1,3790020,1137006150,1,166,4
en104,1,3812496,1143748950,1,563,4
en104,1,3812756,1143826950,1,45,4
en104,1,3812829,1143848850,1,1075,4
en105,1,3790020,1137006150,1,139,4
en105,1,3812496,1143748950,1,570,4
en105,1,3812829,1143848850,1,1256,4
en105,1,3813936,1144180950,1,46,4
en106,1,3790020,1137006150,1,192,4
en106,1,3812496,1143748950,1,567,4
en106,1,3812756,1143826950,1,47,4
en106,1,3812829,1143848850,1,1047,4
en106,1,3813936,1144180950,1,61,4
en106,8,3824055,1147216650,1,10,4
en107,1,3790020,1137006150,1,142,4
en107,1,3812496,1143748950,1,560,4
en107,1,3812756,1143826950,1,639,4
en107,1,3812829,1143848850,1,1476,4
en107,1,3813935,1144180650,1,63,4
en107,8,3824055,1147216650,1,12,4
en108,1,3790020,1137006150,1,116,4
en108,1,3812496,1143748950,1,609,4
en108,1,3812756,1143826950,1,275,4
en108,1,3812829,1143848850,1,1381,4
en108,1,3813935,1144180650,1,1010,4
en108,8,3824055,1147216650,1,11,4
en109,1,3790020,1137006150,1,128,4
en109,1,3812496,1143748950,1,551,4
en109,1,3812756,1143826950,1,574,4
en109,1,3812829,1143848850,1,2569,4
en109,1,3813935,1144180650,1,141,4
en109,8,3824055,1147216650,1,10,4
en11,1,3790072,1137021750,1,80,4
en11,1,3812496,1143748950,1,644,4
en11,1,3812756,1143826950,1,81,4
en11,1,3812829,1143848850,1,1447,4
en11,1,3813936,1144180950,1,64,4
en11,1,3822523,1146757050,1,215,4
en11,1,3822858,1146857550,1,167,4
en11,1,3822905,1146871650,1,313,4
en11,1,3824279,1147283850,1,197,4
en11,1,3830351,1149105450,1,57,4
en11,1,3839820,1151946150,1,460,4
en11,1,3839840,1151952150,1,1776,4
en110,1,3790020,1137006150,1,131,4
en110,1,3812496,1143748950,1,566,4
en110,1,3812757,1143827250,1,148,4
en110,1,3812829,1143848850,1,1092,4
en110,1,3813936,1144180950,1,28,4
en110,8,3824055,1147216650,1,12,4
en111,1,3790020,1137006150,1,175,4
en111,1,3812496,1143748950,1,567,4
en111,1,3812829,1143848850,1,1811,4
en111,1,3813936,1144180950,1,361,4
en111,8,3824055,1147216650,1,13,4
en112,1,3790020,1137006150,1,172,4
en112,1,3812496,1143748950,1,559,4
en112,1,3812756,1143826950,1,23,4
en112,1,3812829,1143848850,1,625,4
en112,8,3824055,1147216650,1,11,4
en113,1,3790020,1137006150,1,125,4
en113,1,3812496,1143748950,1,560,4
en113,1,3812756,1143826950,1,81,4
en113,1,3812829,1143848850,1,1257,4
en113,8,3824055,1147216650,1,11,4
en114,1,3790020,1137006150,1,149,4
en114,1,3812496,1143748950,1,568,4
en114,1,3812756,1143826950,1,121,4
en114,1,3812829,1143848850,1,584,4
en114,1,3813936,1144180950,1,823,4
en114,8,3824055,1147216650,1,10,4
en115,1,3790020,1137006150,1,129,4
en115,1,3812496,1143748950,1,559,4
en115,1,3812757,1143827250,1,1562,4
en115,1,3812829,1143848850,1,1299,4
en115,1,3813936,1144180950,1,394,4
en115,8,3824055,1147216650,1,11,4
en116,1,3790020,1137006150,1,114,4
en116,1,3812496,1143748950,1,549,4
en116,1,3812756,1143826950,1,20,4
en116,1,3812829,1143848850,1,1032,4
en116,1,3813936,1144180950,1,526,4
en116,8,3824055,1147216650,1,13,4
en117,1,3790020,1137006150,1,127,4
en117,1,3812496,1143748950,1,550,4
en117,1,3812829,1143848850,1,1312,4
en117,1,3813935,1144180650,1,95,4
en117,8,3824055,1147216650,1,12,4
en118,1,3790020,1137006150,1,180,4
en118,1,3812496,1143748950,1,625,4
en118,1,3812756,1143826950,1,43,4
en118,1,3812829,1143848850,1,1287,4
en118,1,3813935,1144180650,1,126,4
en118,8,3824055,1147216650,1,13,4
en119,1,3790020,1137006150,1,192,4
en119,1,3812496,1143748950,1,559,4
en119,1,3812756,1143826950,1,19,4
en119,1,3812829,1143848850,1,863,4
en119,1,3813936,1144180950,1,565,4
en119,8,3824055,1147216650,1,11,4
en12,1,3790072,1137021750,1,66,4
en12,1,3812496,1143748950,1,600,4
en12,1,3812756,1143826950,1,104,4
en12,1,3812829,1143848850,1,1137,4
en12,1,3813936,1144180950,1,64,4
en12,1,3822523,1146757050,1,40,4
en12,1,3822858,1146857550,1,28,4
en12,1,3823730,1147119150,1,13,4
en12,1,3823750,1147125150,1,849,4
en12,1,3830351,1149105450,1,54,4
en12,1,3839905,1151971650,1,3,3
en120,1,3790020,1137006150,1,152,4
en120,1,3812496,1143748950,1,558,4
en120,1,3812756,1143826950,1,47,4
en120,1,3812829,1143848850,1,578,4
en120,1,3813936,1144180950,1,624,4
en120,8,3824055,1147216650,1,14,4
en121,1,3790020,1137006150,1,129,4
en121,1,3812496,1143748950,1,562,4
en121,1,3812755,1143826650,1,123,4
en121,1,3812829,1143848850,1,1305,4
en121,1,3813936,1144180950,1,27,4
en121,8,3824055,1147216650,1,11,4
en122,1,3790020,1137006150,1,164,4
en122,1,3812496,1143748950,1,598,4
en122,1,3812756,1143826950,1,733,4
en122,1,3812829,1143848850,1,937,4
en122,1,3813935,1144180650,1,101,4
en122,8,3824055,1147216650,1,10,4
en123,1,3790020,1137006150,1,182,4
en123,1,3812496,1143748950,1,615,4
en123,1,3812756,1143826950,1,229,4
en123,1,3812829,1143848850,1,587,4
en123,1,3813936,1144180950,1,514,4
en123,8,3824055,1147216650,1,11,4
en124,1,3790020,1137006150,1,178,4
en124,1,3812496,1143748950,1,1105,4
en124,1,3812756,1143826950,1,626,4
en124,1,3812829,1143848850,1,632,4
en124,1,3813935,1144180650,1,1411,4
en124,8,3824055,1147216650,1,10,4
en125,1,3790020,1137006150,1,149,4
en125,1,3812496,1143748950,1,564,4
en125,1,3812829,1143848850,1,1505,4
en125,1,3813936,1144180950,1,2430,4
en125,8,3824055,1147216650,1,11,4
en126,1,3790020,1137006150,1,130,4
en126,1,3812496,1143748950,1,576,4
en126,1,3812756,1143826950,1,51,4
en126,1,3812829,1143848850,1,603,4
en126,1,3813936,1144180950,1,151,4
en127,1,3790020,1137006150,1,121,4
en127,1,3812496,1143748950,1,693,4
en127,1,3812756,1143826950,1,828,4
en127,1,3812829,1143848850,1,1262,4
en127,1,3813935,1144180650,1,71,4
en128,1,3790020,1137006150,1,473,4
en128,1,3812496,1143748950,1,551,4
en128,1,3812756,1143826950,1,34,4
en128,1,3812829,1143848850,1,1232,4
en128,1,3813935,1144180650,1,110,4
en128,8,3824055,1147216650,1,12,4
en129,1,3790020,1137006150,1,244,4
en129,1,3812496,1143748950,1,2084,4
en129,1,3812756,1143826950,1,25,4
en129,1,3812829,1143848850,1,1204,4
en129,8,3824055,1147216650,1,13,4
en13,1,3790020,1137006150,1,311,4
en13,1,3812496,1143748950,1,600,4
en13,1,3812756,1143826950,1,91,4
en13,1,3812829,1143848850,1,1308,4
en13,1,3813936,1144180950,1,2409,4
en13,1,3822523,1146757050,1,124,4
en13,1,3822858,1146857550,1,28,4
en13,1,3822904,1146871350,1,772,4
en13,1,3830351,1149105450,1,56,4
en13,1,3839904,1151971350,1,3,3
en130,1,3790020,1137006150,1,291,4
en130,1,3812496,1143748950,1,1040,4
en130,1,3812756,1143826950,1,64,4
en130,1,3812829,1143848850,1,1182,4
en130,8,3824055,1147216650,1,13,4
en131,1,3790020,1137006150,1,190,4
en131,1,3812496,1143748950,1,740,4
en131,1,3812756,1143826950,1,255,4
en131,1,3812829,1143848850,1,615,4
en132,1,3790020,1137006150,1,216,4
en132,1,3812496,1143748950,1,651,4
en132,1,3812756,1143826950,1,87,4
en132,1,3812829,1143848850,1,582,4
en132,8,3824055,1147216650,1,10,4
en133,1,3790020,1137006150,1,240,4
en133,1,3812496,1143748950,1,755,4
en133,1,3812756,1143826950,1,28,4
en133,1,3812829,1143848850,1,602,4
en133,8,3824055,1147216650,1,10,4
en134,1,3790020,1137006150,1,209,4
en134,1,3812496,1143748950,1,642,4
en134,1,3812756,1143826950,1,30,4
en134,1,3812829,1143848850,1,1237,4
en134,8,3824055,1147216650,1,13,4
en135,1,3790020,1137006150,1,222,4
en135,1,3812496,1143748950,1,1133,4
en135,1,3812756,1143826950,1,43,4
en135,1,3812829,1143848850,1,617,4
en135,8,3824055,1147216650,1,12,4
en136,1,3790020,1137006150,1,205,4
en136,1,3812496,1143748950,1,663,4
en136,1,3812757,1143827250,1,136,4
en136,1,3812829,1143848850,1,623,4
en136,8,3824055,1147216650,1,13,4
en137,1,3790020,1137006150,1,295,4
en137,1,3812496,1143748950,1,1091,4
en137,1,3812756,1143826950,1,42,4
en137,1,3812829,1143848850,1,1141,4
en137,8,3824055,1147216650,1,12,4
en138,1,3790020,1137006150,1,255,4
en138,1,3812496,1143748950,1,622,4
en138,1,3812756,1143826950,1,41,4
en138,1,3812829,1143848850,1,1041,4
en138,8,3824055,1147216650,1,10,4
en139,1,3790020,1137006150,1,287,4
en139,1,3812496,1143748950,1,2197,4
en139,1,3812757,1143827250,1,97,4
en139,1,3812829,1143848850,1,1128,4
en139,8,3824055,1147216650,1,11,4
en14,1,3790020,1137006150,1,272,4
en14,1,3812497,1143749250,1,645,4
en14,1,3812756,1143826950,1,243,4
en14,1,3812829,1143848850,1,1269,4
en14,1,3813936,1144180950,1,1342,4
en14,1,3822523,1146757050,1,18,4
en14,1,3822905,1146871650,1,308,4
en14,1,3824279,1147283850,1,31,4
en14,1,3830351,1149105450,1,55,4
en14,1,3839904,1151971350,1,6,4
en140,1,3790020,1137006150,1,232,4
en140,1,3812496,1143748950,1,554,4
en140,1,3812829,1143848850,1,1466,4
en140,8,3824055,1147216650,1,14,4
en141,1,3790020,1137006150,1,207,4
en141,1,3812496,1143748950,1,1726,4
en141,1,3812756,1143826950,1,85,4
en141,1,3812829,1143848850,1,621,4
en142,1,3790020,1137006150,1,235,4
en142,1,3812201,1143660450,1,53,4
en142,1,3812742,1143822750,1,95,4
en142,1,3812829,1143848850,1,1291,4
en142,1,3818181,1145454450,1,5,4
en143,1,3790020,1137006150,1,231,4
en143,1,3812496,1143748950,1,556,4
en143,1,3812756,1143826950,1,36,4
en143,1,3812829,1143848850,1,1744,4
en143,8,3824055,1147216650,1,14,4
en144,1,3790020,1137006150,1,226,4
en144,1,3812496,1143748950,1,596,4
en144,1,3812829,1143848850,1,905,4
en144,8,3824055,1147216650,1,11,4
en145,1,3790020,1137006150,1,180,4
en145,1,3812496,1143748950,1,591,4
en145,1,3812829,1143848850,1,1721,4
en145,8,3824055,1147216650,1,10,4
en146,1,3790020,1137006150,1,83,4
en146,1,3812496,1143748950,1,613,4
en146,1,3812756,1143826950,1,160,4
en146,1,3812829,1143848850,1,1846,4
en146,8,3824055,1147216650,1,12,4
en147,1,3790020,1137006150,1,78,4
en147,1,3812496,1143748950,1,568,4
en147,1,3812756,1143826950,1,41,4
en147,1,3812829,1143848850,1,1281,4
en147,8,3824055,1147216650,1,13,4
en148,1,3790020,1137006150,1,74,4
en148,1,3812496,1143748950,1,639,4
en148,1,3812756,1143826950,1,39,4
en148,1,3812829,1143848850,1,2084,4
en148,8,3824055,1147216650,1,10,4
en149,1,3790020,1137006150,1,83,4
en149,1,3812496,1143748950,1,593,4
en149,1,3812756,1143826950,1,48,4
en149,1,3812829,1143848850,1,1701,4
en149,8,3824055,1147216650,1,10,4
en15,1,3790020,1137006150,1,229,4
en15,1,3812496,1143748950,1,810,4
en15,1,3812756,1143826950,1,24,4
en15,1,3812829,1143848850,1,1355,4
en15,1,3813936,1144180950,1,408,4
en15,1,3822524,1146757350,1,533,4
en15,1,3822901,1146870450,1,732,4
en15,1,3823750,1147125150,1,1033,4
en15,1,3830352,1149105750,1,51,4
en15,1,3839905,1151971650,1,6,4
en150,1,3790020,1137006150,1,84,4
en150,1,3812496,1143748950,1,807,4
en150,1,3812756,1143826950,1,81,4
en150,1,3812829,1143848850,1,637,4
en150,8,3824055,1147216650,1,12,4
en151,1,3790020,1137006150,1,58,4
en151,1,3812496,1143748950,1,549,4
en151,1,3812757,1143827250,1,86,4
en151,1,3812829,1143848850,1,1406,4
en151,8,3824055,1147216650,1,10,4
en152,1,3790020,1137006150,1,80,4
en152,1,3812496,1143748950,1,553,4
en152,1,3812755,1143826650,1,289,4
en152,1,3812829,1143848850,1,6893,4
en152,8,3824055,1147216650,1,13,4
en153,1,3790020,1137006150,1,80,4
en153,1,3812496,1143748950,1,42,4
en153,1,3812829,1143848850,1,671,4
en153,8,3824055,1147216650,1,11,4
en154,1,3790020,1137006150,1,83,4
en154,1,3812496,1143748950,1,379,4
en154,1,3812829,1143848850,1,1023,4
en154,8,3824055,1147216650,1,15,4
en155,1,3790020,1137006150,1,79,4
en155,1,3812496,1143748950,1,30,4
en155,1,3812829,1143848850,1,1740,4
en155,8,3824055,1147216650,1,12,4
en156,1,3790020,1137006150,1,78,4
en156,1,3798068,1139420550,1,34,4
en156,1,3812496,1143748950,1,33,4
en156,1,3812829,1143848850,1,8514,4
en157,1,3790020,1137006150,1,87,4
en157,1,3798067,1139420250,1,34,4
en157,1,3812496,1143748950,1,553,4
en157,1,3812757,1143827250,1,79,4
en157,1,3812829,1143848850,1,582,4
en157,8,3824055,1147216650,1,13,4
en158,1,3790020,1137006150,1,72,4
en158,1,3798067,1139420250,1,33,4
en158,1,3812496,1143748950,1,555,4
en158,1,3812756,1143826950,1,97,4
en158,1,3812829,1143848850,1,761,4
en158,8,3824055,1147216650,1,14,4
en159,1,3790020,1137006150,1,79,4
en159,1,3798067,1139420250,1,35,4
en159,1,3812496,1143748950,1,566,4
en159,1,3812755,1143826650,1,30,4
en159,1,3812829,1143848850,1,1509,4
en159,8,3824055,1147216650,1,11,4
en16,1,3790020,1137006150,1,241,4
en16,1,3812496,1143748950,1,631,4
en16,1,3812756,1143826950,1,40,4
en16,1,3812829,1143848850,1,882,4
en16,1,3813936,1144180950,1,430,4
en16,1,3822523,1146757050,1,25,4
en16,1,3822904,1146871350,1,781,4
en16,1,3824279,1147283850,1,32,4
en16,1,3831810,1149543150,1,104,4
en16,1,3839904,1151971350,1,3,3
en160,1,3790020,1137006150,1,88,4
en160,1,3798067,1139420250,1,34,4
en160,1,3812496,1143748950,1,702,4
en160,1,3812755,1143826650,1,373,4
en160,1,3812829,1143848850,1,789,4
en160,8,3824055,1147216650,1,12,4
en161,1,3790020,1137006150,1,78,4
en161,1,3798067,1139420250,1,35,4
en161,1,3812755,1143826650,1,982,4
en161,1,3812829,1143848850,1,708,4
en161,8,3824055,1147216650,1,14,4
en162,1,3790020,1137006150,1,438,4
en162,1,3798067,1139420250,1,33,4
en162,1,3812496,1143748950,1,548,4
en162,1,3812756,1143826950,1,18,4
en162,1,3812829,1143848850,1,664,4
en162,8,3824055,1147216650,1,14,4
en163,1,3790029,1137008850,1,1060,4
en163,1,3798067,1139420250,1,38,4
en163,1,3812496,1143748950,1,590,4
en163,1,3812755,1143826650,1,409,4
en163,1,3812829,1143848850,1,559,4
en164,1,3790020,1137006150,1,441,4
en164,1,3798067,1139420250,1,37,4
en164,1,3812496,1143748950,1,626,4
en164,1,3812755,1143826650,1,57,4
en164,1,3812829,1143848850,1,595,4
en164,8,3824055,1147216650,1,10,4
en165,1,3790020,1137006150,1,415,4
en165,1,3798067,1139420250,1,37,4
en165,1,3812496,1143748950,1,623,4
en165,1,3812757,1143827250,1,90,4
en165,1,3812829,1143848850,1,1389,4
en165,8,3824055,1147216650,1,10,4
en166,1,3790020,1137006150,1,411,4
en166,1,3798072,1139421750,1,28,4
en166,1,3812496,1143748950,1,611,4
en166,1,3812829,1143848850,1,669,4
en166,8,3824055,1147216650,1,12,4
en167,1,3790020,1137006150,1,423,4
en167,1,3798068,1139420550,1,32,4
en167,1,3812496,1143748950,1,599,4
en167,1,3812829,1143848850,1,948,4
en167,8,3824055,1147216650,1,11,4
en168,1,3790020,1137006150,1,433,4
en168,1,3798067,1139420250,1,35,4
en168,1,3812496,1143748950,1,611,4
en168,1,3812755,1143826650,1,248,4
en168,1,3812829,1143848850,1,717,4
en168,8,3824055,1147216650,1,11,4
en169,1,3790020,1137006150,1,435,4
en169,1,3798067,1139420250,1,39,4
en169,1,3812496,1143748950,1,546,4
en169,1,3812755,1143826650,1,718,4
en169,1,3812829,1143848850,1,1484,4
en169,8,3824055,1147216650,1,12,4
en17,1,3790020,1137006150,1,310,4
en17,1,3812496,1143748950,1,852,4
en17,1,3812756,1143826950,1,21,4
en17,1,3813936,1144180950,1,40,4
en17,1,3822524,1146757350,1,605,4
en17,1,3822858,1146857550,1,38,4
en17,1,3822912,1146873750,1,288,4
en17,1,3823750,1147125150,1,1699,4
en17,1,3830352,1149105750,1,54,4
en17,1,3839905,1151971650,1,2,2
en170,1,3790020,1137006150,1,336,4
en170,1,3798067,1139420250,1,36,4
en170,1,3812496,1143748950,1,586,4
en170,1,3812757,1143827250,1,87,4
en170,1,3812829,1143848850,1,942,4
en171,1,3790020,1137006150,1,437,4
en171,1,3798067,1139420250,1,37,4
en171,1,3812496,1143748950,1,549,4
en171,1,3812756,1143826950,1,30,4
en171,1,3812829,1143848850,1,587,4
en172,1,3790020,1137006150,1,416,4
en172,1,3798067,1139420250,1,37,4
en172,1,3812496,1143748950,1,554,4
en172,1,3812756,1143826950,1,1106,4
en172,1,3812829,1143848850,1,1290,4
en173,1,3790020,1137006150,1,442,4
en173,1,3798067,1139420250,1,35,4
en173,1,3812496,1143748950,1,610,4
en173,1,3812756,1143826950,1,524,4
en173,1,3812829,1143848850,1,948,4
en173,8,3824055,1147216650,1,12,4
en174,1,3790020,1137006150,1,423,4
en174,1,3798067,1139420250,1,34,4
en174,1,3812496,1143748950,1,551,4
en174,1,3812756,1143826950,1,59,4
en174,1,3812829,1143848850,1,846,4
en174,1,3819826,1145947950,1,1601,4
en174,3,3819826,1145947950,1,1601,4
en175,1,3790020,1137006150,1,421,4
en175,1,3798067,1139420250,1,36,4
en175,1,3812496,1143748950,1,547,4
en175,1,3812756,1143826950,1,300,4
en175,1,3812829,1143848850,1,1539,4
en175,8,3824055,1147216650,1,13,4
en176,1,3790020,1137006150,1,342,4
en176,1,3798067,1139420250,1,35,4
en176,1,3812496,1143748950,1,611,4
en176,1,3812756,1143826950,1,89,4
en176,1,3812829,1143848850,1,558,4
en176,8,3824055,1147216650,1,13,4
en177,1,3790020,1137006150,1,409,4
en177,1,3798067,1139420250,1,34,4
en177,1,3812496,1143748950,1,626,4
en177,1,3812756,1143826950,1,44,4
en177,1,3812829,1143848850,1,627,4
en177,8,3824055,1147216650,1,10,4
en178,1,3790020,1137006150,1,230,4
en178,1,3798067,1139420250,1,37,4
en178,1,3812496,1143748950,1,557,4
en178,1,3812756,1143826950,1,16133,4
en178,1,3812829,1143848850,1,1020,4
en178,8,3824055,1147216650,1,13,4
en179,1,3790020,1137006150,1,143,4
en179,1,3798067,1139420250,1,35,4
en179,1,3812496,1143748950,1,589,4
en179,1,3812757,1143827250,1,110,4
en179,1,3812829,1143848850,1,1354,4
en179,8,3824055,1147216650,1,11,4
en18,1,3790020,1137006150,1,83,4
en18,1,3812496,1143748950,1,631,4
en18,1,3812756,1143826950,1,43,4
en18,1,3813936,1144180950,1,98,4
en18,1,3822858,1146857550,1,93,4
en18,1,3830351,1149105450,1,54,4
en18,1,3839905,1151971650,1,6,4
en180,1,3790020,1137006150,1,160,4
en180,1,3798067,1139420250,1,36,4
en180,1,3812496,1143748950,1,603,4
en180,1,3812756,1143826950,1,86,4
en180,1,3812829,1143848850,1,1702,4
en180,8,3824055,1147216650,1,10,4
en181,1,3790020,1137006150,1,133,4
en181,1,3798067,1139420250,1,34,4
en181,1,3812496,1143748950,1,583,4
en181,1,3812756,1143826950,1,709,4
en181,1,3812829,1143848850,1,718,4
en181,8,3824055,1147216650,1,11,4
en182,1,3790020,1137006150,1,154,4
en182,1,3798067,1139420250,1,37,4
en182,1,3812496,1143748950,1,547,4
en182,1,3812756,1143826950,1,130,4
en182,1,3812829,1143848850,1,1679,4
en182,8,3824055,1147216650,1,13,4
en183,1,3790020,1137006150,1,166,4
en183,1,3798067,1139420250,1,35,4
en183,1,3812496,1143748950,1,548,4
en183,1,3812756,1143826950,1,128,4
en183,1,3812829,1143848850,1,743,4
en184,1,3790020,1137006150,1,151,4
en184,1,3798067,1139420250,1,34,4
en184,1,3812496,1143748950,1,602,4
en184,1,3812756,1143826950,1,438,4
en184,1,3812829,1143848850,1,1086,4
en184,8,3824055,1147216650,1,11,4
en185,1,3790020,1137006150,1,142,4
en185,1,3798067,1139420250,1,34,4
en185,1,3812496,1143748950,1,548,4
en185,1,3812756,1143826950,1,840,4
en185,1,3812829,1143848850,1,919,4
en185,8,3824055,1147216650,1,12,4
en186,1,3790020,1137006150,1,150,4
en186,1,3798067,1139420250,1,34,4
en186,1,3812496,1143748950,1,553,4
en186,1,3812756,1143826950,1,81,4
en186,1,3812829,1143848850,1,735,4
en186,8,3824055,1147216650,1,11,4
en187,1,3790020,1137006150,1,164,4
en187,1,3798066,1139419950,1,40,4
en187,1,3812496,1143748950,1,835,4
en187,1,3812757,1143827250,1,35,4
en187,1,3812829,1143848850,1,820,4
en187,8,3824055,1147216650,1,11,4
en188,1,3790020,1137006150,1,143,4
en188,1,3798068,1139420550,1,35,4
en188,1,3812496,1143748950,1,624,4
en188,1,3812756,1143826950,1,44,4
en188,1,3812829,1143848850,1,581,4
en188,8,3824055,1147216650,1,10,4
en189,1,3790020,1137006150,1,152,4
en189,1,3798067,1139420250,1,37,4
en189,1,3812496,1143748950,1,571,4
en189,1,3812756,1143826950,1,117,4
en189,1,3812829,1143848850,1,1240,4
en189,8,3824055,1147216650,1,10,4
en19,1,3790020,1137006150,1,85,4
en19,1,3812496,1143748950,1,629,4
en19,1,3813936,1144180950,1,932,4
en19,1,3822523,1146757050,1,224,4
en19,1,3822903,1146871050,1,798,4
en19,1,3824279,1147283850,1,26,4
en19,1,3830354,1149106350,1,42,4
en19,1,3839905,1151971650,1,3,3
en190,1,3772663,1131799050,1,2431,4
en190,1,3790020,1137006150,1,172,4
en190,1,3798067,1139420250,1,34,4
en190,1,3812496,1143748950,1,552,4
en190,1,3812756,1143826950,1,82,4
en190,1,3812829,1143848850,1,761,4
en191,1,3790020,1137006150,1,160,4
en191,1,3798067,1139420250,1,38,4
en191,1,3812496,1143748950,1,625,4
en191,1,3812757,1143827250,1,89,4
en191,1,3812829,1143848850,1,622,4
en191,8,3824055,1147216650,1,10,4
en192,1,3790020,1137006150,1,157,4
en192,1,3798067,1139420250,1,35,4
en192,1,3812756,1143826950,1,142,4
en192,1,3812829,1143848850,1,560,4
en192,8,3824055,1147216650,1,15,4
en193,1,3790020,1137006150,1,423,4
en193,1,3812496,1143748950,1,586,4
en193,1,3812757,1143827250,1,93,4
en193,1,3812829,1143848850,1,892,4
en193,8,3824055,1147216650,1,11,4
en194,1,3790020,1137006150,1,448,4
en194,1,3812496,1143748950,1,581,4
en194,1,3812757,1143827250,1,32,4
en194,1,3812829,1143848850,1,607,4
en195,1,3790020,1137006150,1,429,4
en196,1,3790020,1137006150,1,432,4
en196,1,3812496,1143748950,1,625,4
en196,1,3812756,1143826950,1,86,4
en196,1,3812829,1143848850,1,722,4
en196,8,3824055,1147216650,1,14,4
en197,1,3784381,1135314450,1,513,4
en197,1,3790020,1137006150,1,425,4
en197,1,3812496,1143748950,1,584,4
en197,1,3812756,1143826950,1,252,4
en197,1,3812829,1143848850,1,726,4
en197,2,3782503,1134751050,1,34,4
en197,2,3782525,1134757650,1,5,4
en197,2,3782532,1134759750,1,8,4
en197,2,3782540,1134762150,1,6,4
en197,2,3782544,1134763350,1,6,4
en197,2,3783385,1135015650,1,6,4
en197,2,3783393,1135018050,1,6,4
en197,2,3783423,1135027050,1,4,4
en197,2,3783671,1135101450,1,4,4
en197,2,3783735,1135120650,1,7,4
en197,2,3783736,1135120950,1,7,4
en197,2,3783738,1135121550,1,7,4
en197,2,3784381,1135314450,1,513,4
en197,7,3782502,1134750750,1,34,4
en197,7,3782503,1134751050,1,34,4
en198,1,3790020,1137006150,1,458,4
en198,1,3812496,1143748950,1,616,4
en198,1,3812756,1143826950,1,313,4
en198,1,3812829,1143848850,1,1451,4
en199,1,3790020,1137006150,1,417,4
en199,1,3812496,1143748950,1,590,4
en199,1,3812755,1143826650,1,147,4
en199,1,3812829,1143848850,1,896,4
en199,8,3824055,1147216650,1,11,4
en2,1,3790020,1137006150,1,503,4
en2,1,3810834,1143250350,1,1548,4
en2,1,3812212,1143663750,1,993,4
en2,1,3812218,1143665550,1,993,4
en2,1,3812496,1143748950,1,2053,4
en2,1,3812508,1143752550,1,2806,4
en2,1,3812829,1143848850,1,611,4
en2,1,3813936,1144180950,1,119,4
en2,1,3822523,1146757050,1,121,4
en2,1,3823730,1147119150,1,27,4
en2,1,3824279,1147283850,1,28,4
en2,1,3824343,1147303050,1,689,4
en2,1,3824346,1147303950,1,689,4
en2,1,3830351,1149105450,1,51,4
en2,1,3839904,1151971350,1,3,3
en20,1,3790072,1137021750,1,84,4
en20,1,3812496,1143748950,1,642,4
en20,1,3812756,1143826950,1,394,4
en20,1,3813936,1144180950,1,5845,4
en20,1,3822523,1146757050,1,26,4
en20,1,3822858,1146857550,1,165,4
en20,1,3822912,1146873750,1,294,4
en20,1,3830346,1149103950,1,537,4
en20,1,3839905,1151971650,1,6,4
en200,1,3790020,1137006150,1,463,4
en200,1,3812496,1143748950,1,1302,4
en200,1,3812756,1143826950,1,79,4
en200,1,3812829,1143848850,1,1926,4
en200,8,3824055,1147216650,1,10,4
en201,1,3790020,1137006150,1,427,4
en201,1,3812496,1143748950,1,892,4
en201,1,3812755,1143826650,1,457,4
en201,1,3812829,1143848850,1,1817,4
en201,8,3824055,1147216650,1,10,4
en202,1,3790020,1137006150,1,434,4
en202,1,3812496,1143748950,1,548,4
en202,1,3812756,1143826950,1,94,4
en202,1,3812829,1143848850,1,786,4
en202,8,3824055,1147216650,1,13,4
en203,1,3790020,1137006150,1,421,4
en203,1,3812496,1143748950,1,603,4
en203,1,3812756,1143826950,1,86,4
en203,1,3812829,1143848850,1,971,4
en203,8,3824055,1147216650,1,10,4
en204,1,3790020,1137006150,1,426,4
en204,1,3812496,1143748950,1,662,4
en204,1,3812756,1143826950,1,91,4
en204,1,3812829,1143848850,1,1117,4
en204,8,3824055,1147216650,1,10,4
en205,1,3790020,1137006150,1,435,4
en205,1,3812496,1143748950,1,873,4
en205,1,3812757,1143827250,1,94,4
en205,1,3812829,1143848850,1,594,4
en205,8,3824055,1147216650,1,10,4
en206,1,3790020,1137006150,1,431,4
en206,1,3798067,1139420250,1,37,4
en206,1,3812496,1143748950,1,615,4
en206,1,3812756,1143826950,1,15975,4
en206,1,3812829,1143848850,1,1781,4
en207,1,3790020,1137006150,1,440,4
en207,1,3798067,1139420250,1,38,4
en207,1,3812496,1143748950,1,633,4
en207,1,3812756,1143826950,1,23,4
en207,1,3812829,1143848850,1,857,4
en207,8,3824055,1147216650,1,12,4
en208,1,3790020,1137006150,1,438,4
en208,1,3812496,1143748950,1,1196,4
en208,1,3812756,1143826950,1,91,4
en208,1,3812829,1143848850,1,9028,4
en209,1,3790020,1137006150,1,124,4
en209,1,3812496,1143748950,1,620,4
en209,1,3812829,1143848850,1,1274,4
en21,1,3790074,1137022350,1,89,4
en21,1,3812496,1143748950,1,916,4
en21,1,3812756,1143826950,1,29,4
en21,1,3813936,1144180950,1,38,4
en21,1,3822523,1146757050,1,23,4
en21,1,3822859,1146857850,1,657,4
en21,1,3822911,1146873450,1,283,4
en21,1,3823750,1147125150,1,1416,4
en21,1,3830345,1149103650,1,531,4
en21,1,3839815,1151944650,1,996,4
en21,1,3839906,1151971950,2,32065,4
en210,1,3790020,1137006150,1,164,4
en210,1,3798067,1139420250,1,486,4
en210,1,3812496,1143748950,1,1167,4
en210,1,3812829,1143848850,1,699,4
en211,1,3790020,1137006150,1,141,4
en211,1,3798067,1139420250,1,37,4
en211,1,3812496,1143748950,1,624,4
en211,1,3812756,1143826950,1,428,4
en211,1,3812829,1143848850,1,632,4
en211,8,3824055,1147216650,1,11,4
en212,1,3790020,1137006150,1,161,4
en212,1,3798067,1139420250,1,37,4
en212,1,3812496,1143748950,1,605,4
en212,1,3812756,1143826950,1,82,4
en212,1,3812829,1143848850,1,613,4
en213,1,3790020,1137006150,1,135,4
en213,1,3798067,1139420250,1,36,4
en213,1,3812496,1143748950,1,894,4
en213,1,3812756,1143826950,1,194,4
en213,1,3812829,1143848850,1,1165,4
en213,8,3824055,1147216650,1,13,4
en214,1,3790020,1137006150,1,132,4
en214,1,3798067,1139420250,1,37,4
en214,1,3812496,1143748950,1,579,4
en214,1,3812829,1143848850,1,628,4
en214,8,3824055,1147216650,1,12,4
en215,1,3790020,1137006150,1,144,4
en215,1,3798067,1139420250,1,38,4
en215,1,3812496,1143748950,1,617,4
en215,1,3812756,1143826950,1,141,4
en215,1,3812829,1143848850,1,624,4
en215,8,3824055,1147216650,1,11,4
en216,1,3790020,1137006150,1,172,4
en216,1,3798067,1139420250,1,37,4
en216,1,3812496,1143748950,1,596,4
en216,1,3812756,1143826950,1,104,4
en216,1,3812829,1143848850,1,667,4
en216,8,3824055,1147216650,1,13,4
en217,1,3790020,1137006150,1,167,4
en217,1,3798067,1139420250,1,37,4
en217,1,3812496,1143748950,1,592,4
en217,1,3812829,1143848850,1,601,4
en217,8,3824055,1147216650,1,11,4
en218,1,3790020,1137006150,1,158,4
en218,1,3812496,1143748950,1,634,4
en218,1,3812756,1143826950,1,1244,4
en218,1,3812828,1143848550,1,633,4
en219,1,3790020,1137006150,1,150,4
en219,1,3798067,1139420250,1,37,4
en219,1,3812496,1143748950,1,582,4
en219,1,3812757,1143827250,1,24,4
en219,1,3812829,1143848850,1,606,4
en219,8,3824055,1147216650,1,11,4
en22,1,3790020,1137006150,1,112,4
en22,1,3812496,1143748950,1,642,4
en22,1,3812756,1143826950,1,1949,4
en22,1,3813936,1144180950,1,5582,4
en22,1,3822420,1146726150,1,717,4
en22,1,3822523,1146757050,1,20,4
en22,1,3822858,1146857550,1,295,4
en22,1,3822904,1146871350,1,763,4
en22,1,3823750,1147125150,1,2251,4
en22,1,3830351,1149105450,1,49,4
en22,1,3839904,1151971350,1,6,4
en220,1,3790020,1137006150,1,119,4
en220,1,3798067,1139420250,1,37,4
en220,1,3812496,1143748950,1,588,4
en220,1,3812829,1143848850,1,601,4
en220,8,3824055,1147216650,1,13,4
en221,1,3790020,1137006150,1,135,4
en221,1,3798067,1139420250,1,36,4
en221,1,3812496,1143748950,1,564,4
en221,1,3812756,1143826950,1,46,4
en221,1,3812828,1143848550,1,684,4
en221,8,3824055,1147216650,1,12,4
en222,1,3790020,1137006150,1,158,4
en222,1,3798067,1139420250,1,36,4
en222,1,3812496,1143748950,1,654,4
en222,1,3812756,1143826950,1,47,4
en222,1,3812829,1143848850,1,952,4
en222,8,3824055,1147216650,1,10,4
en223,1,3790020,1137006150,1,205,4
en223,1,3798067,1139420250,1,39,4
en223,1,3812496,1143748950,1,1040,4
en223,1,3812756,1143826950,1,97,4
en223,1,3812829,1143848850,1,637,4
en223,8,3824055,1147216650,1,11,4
en224,1,3790020,1137006150,1,144,4
en224,1,3798067,1139420250,1,37,4
en224,1,3812496,1143748950,1,574,4
en224,1,3812756,1143826950,1,31,4
en224,1,3812829,1143848850,1,676,4
en224,8,3824055,1147216650,1,11,4
en225,1,3790020,1137006150,1,467,4
en225,1,3798067,1139420250,1,484,4
en225,1,3812496,1143748950,1,1024,4
en225,1,3812756,1143826950,1,37,4
en225,1,3812828,1143848550,1,646,4
en225,8,3824055,1147216650,1,11,4
en226,1,3790020,1137006150,1,469,4
en226,1,3798067,1139420250,1,485,4
en226,1,3812496,1143748950,1,578,4
en226,1,3812756,1143826950,1,112,4
en226,1,3812829,1143848850,1,575,4
en227,1,3790020,1137006150,1,466,4
en227,1,3798067,1139420250,1,36,4
en227,1,3812496,1143748950,1,622,4
en227,1,3812756,1143826950,1,127,4
en227,1,3812828,1143848550,1,871,4
en228,1,3790020,1137006150,1,466,4
en228,1,3798067,1139420250,1,37,4
en228,1,3812497,1143749250,1,562,4
en228,1,3812756,1143826950,1,112,4
en228,1,3812829,1143848850,1,892,4
en228,1,3815182,1144554750,1,109,4
en228,2,3815178,1144553550,1,92,4
en228,2,3815179,1144553850,1,97,4
en228,2,3815182,1144554750,1,109,4
en228,2,3815183,1144555050,1,114,4
en228,2,3815606,1144681950,1,2884,4
en228,2,3815650,1144695150,1,2881,4
en228,2,3815850,1144755150,1,3416,4
en228,2,3815971,1144791450,1,3595,4
en228,2,3816132,1144839750,1,3951,4
en228,2,3816138,1144841550,1,4125,4
en228,2,3816149,1144844850,1,4304,4
en228,2,3816426,1144927950,1,4861,4
en228,2,3816714,1145014350,1,5576,4
en228,2,3816996,1145098950,1,6108,4
en228,2,3817002,1145100750,1,6289,4
en228,2,3817290,1145187150,1,7432,4
en228,2,3817670,1145301150,1,8626,4
en228,2,3818148,1145444550,1,9699,4
en228,2,3818154,1145446350,1,9881,4
en228,2,3818436,1145530950,1,10429,4
en228,2,3818442,1145532750,1,10610,4
en228,2,3818570,1145571150,1,10803,4
en228,2,3818724,1145617350,1,11149,4
en228,2,3818730,1145619150,1,11330,4
en228,2,3819012,1145703750,1,11860,4
en228,2,3819018,1145705550,1,12042,4
en228,2,3819300,1145790150,1,12828,4
en228,2,3819304,1145791350,1,13067,4
en228,2,3819306,1145791950,1,13187,4
en228,2,3819588,1145876550,1,14027,4
en228,2,3819594,1145878350,1,14207,4
en228,2,3819711,1145913450,1,14687,4
en228,2,3819712,1145913750,1,14869,4
en228,2,3819722,1145916750,1,13031,4
en228,2,3819724,1145917350,1,11825,4
en228,2,3819725,1145917650,1,11227,4
en228,3,3819722,1145916750,1,13031,4
en228,7,3815178,1144553550,1,92,4
en229,1,3790020,1137006150,1,467,4
en229,1,3798067,1139420250,1,39,4
en229,1,3812496,1143748950,1,568,4
en229,1,3812756,1143826950,1,1197,4
en229,1,3812828,1143848550,1,637,4
en229,8,3824055,1147216650,1,11,4
en23,1,3790072,1137021750,1,80,4
en23,1,3812496,1143748950,1,2006,4
en23,1,3812756,1143826950,1,83,4
en23,1,3813936,1144180950,1,926,4
en23,1,3822524,1146757350,1,13209,4
en23,1,3823731,1147119450,1,20,4
en23,1,3830351,1149105450,1,51,4
en23,1,3839815,1151944650,1,1006,4
en23,1,3839905,1151971650,1,3,3
en23,2,3837998,1151399550,1,24,4
en23,2,3837999,1151399850,1,24,4
en23,2,3838758,1151627550,1,4,4
en23,2,3838890,1151667150,1,4,4
en23,2,3839586,1151875950,1,4,4
en23,2,3839754,1151926350,1,4,4
en23,2,3839803,1151941050,1,978,4
en23,3,3839803,1151941050,1,978,4
en230,1,3790020,1137006150,1,468,4
en230,1,3798067,1139420250,1,38,4
en230,1,3812496,1143748950,1,654,4
en230,1,3812829,1143848850,1,590,4
en230,8,3824055,1147216650,1,11,4
en231,1,3790020,1137006150,1,471,4
en231,1,3798067,1139420250,1,37,4
en231,1,3812496,1143748950,1,617,4
en231,1,3812756,1143826950,1,48,4
en231,1,3812828,1143848550,1,122,4
en231,8,3824055,1147216650,1,14,4
en232,1,3790020,1137006150,1,469,4
en232,1,3798067,1139420250,1,483,4
en232,1,3812496,1143748950,1,595,4
en232,1,3812756,1143826950,1,92,4
en232,1,3812828,1143848550,1,639,4
en232,8,3824055,1147216650,1,10,4
en233,1,3790020,1137006150,1,467,4
en233,1,3798067,1139420250,1,37,4
en233,1,3812496,1143748950,1,568,4
en233,1,3812756,1143826950,1,55,4
en233,1,3812828,1143848550,1,588,4
en233,8,3824055,1147216650,1,12,4
en234,1,3790020,1137006150,1,469,4
en234,1,3798068,1139420550,1,35,4
en234,1,3812496,1143748950,1,550,4
en234,1,3812755,1143826650,1,70,4
en234,1,3812828,1143848550,1,588,4
en234,8,3824055,1147216650,1,10,4
en235,1,3790020,1137006150,1,468,4
en235,1,3798067,1139420250,1,39,4
en235,1,3812496,1143748950,1,6846,4
en235,1,3812757,1143827250,1,97,4
en235,1,3812828,1143848550,1,615,4
en235,8,3824055,1147216650,1,13,4
en236,1,3790020,1137006150,1,468,4
en236,1,3798068,1139420550,1,35,4
en236,1,3812497,1143749250,1,618,4
en236,1,3812828,1143848550,1,642,4
en236,8,3824055,1147216650,1,13,4
en237,1,3790020,1137006150,1,468,4
en237,1,3798067,1139420250,1,35,4
en237,1,3812496,1143748950,1,613,4
en237,1,3812757,1143827250,1,179,4
en237,1,3812828,1143848550,1,1420,4
en237,8,3824055,1147216650,1,10,4
en238,1,3790020,1137006150,1,469,4
en238,1,3798067,1139420250,1,37,4
en238,1,3812496,1143748950,1,611,4
en238,1,3812756,1143826950,1,88,4
en238,1,3812828,1143848550,1,626,4
en238,8,3824055,1147216650,1,12,4
en239,1,3790020,1137006150,1,468,4
en239,1,3798068,1139420550,1,34,4
en239,1,3812496,1143748950,1,619,4
en239,1,3812757,1143827250,1,66,4
en239,1,3812828,1143848550,1,703,4
en24,1,3790071,1137021450,1,84,4
en24,1,3812496,1143748950,1,642,4
en24,1,3812756,1143826950,1,177,4
en24,1,3813936,1144180950,1,6106,4
en24,1,3822523,1146757050,1,21,4
en24,1,3822858,1146857550,1,25,4
en24,1,3822905,1146871650,1,310,4
en24,1,3824279,1147283850,1,18,4
en24,1,3830342,1149102750,1,537,4
en24,1,3839904,1151971350,1,6,4
en240,1,3790020,1137006150,1,470,4
en240,1,3798067,1139420250,1,37,4
en240,1,3812496,1143748950,1,690,4
en240,1,3812756,1143826950,1,233,4
en240,1,3812828,1143848550,1,600,4
en240,8,3824055,1147216650,1,13,4
en241,1,3790020,1137006150,1,188,4
en241,1,3798067,1139420250,1,37,4
en241,1,3812496,1143748950,1,937,4
en241,1,3812829,1143848850,1,668,4
en241,8,3824055,1147216650,1,10,4
en242,1,3790020,1137006150,1,145,4
en242,1,3798067,1139420250,1,35,4
en242,1,3812496,1143748950,1,563,4
en242,1,3812755,1143826650,1,30,4
en242,1,3812829,1143848850,1,599,4
en242,8,3824055,1147216650,1,13,4
en243,1,3790020,1137006150,1,217,4
en243,1,3798067,1139420250,1,38,4
en243,1,3812496,1143748950,1,561,4
en243,1,3812756,1143826950,1,49,4
en243,1,3812829,1143848850,1,584,4
en243,8,3824055,1147216650,1,10,4
en244,1,3790020,1137006150,1,170,4
en244,1,3798067,1139420250,1,36,4
en244,1,3812496,1143748950,1,591,4
en244,1,3812756,1143826950,1,421,4
en244,1,3812829,1143848850,1,590,4
en244,8,3824055,1147216650,1,12,4
en245,1,3790020,1137006150,1,170,4
en245,1,3798067,1139420250,1,37,4
en245,1,3812496,1143748950,1,1113,4
en245,1,3812756,1143826950,1,42,4
en245,1,3812829,1143848850,1,599,4
en245,8,3824055,1147216650,1,10,4
en246,1,3790020,1137006150,1,135,4
en246,1,3798067,1139420250,1,36,4
en246,1,3812496,1143748950,1,616,4
en246,1,3812757,1143827250,1,39,4
en246,1,3812829,1143848850,1,591,4
en246,8,3824055,1147216650,1,11,4
en247,1,3790020,1137006150,1,119,4
en247,1,3798067,1139420250,1,38,4
en247,1,3812496,1143748950,1,7313,4
en247,1,3812756,1143826950,1,66,4
en247,1,3812829,1143848850,1,1448,4
en248,1,3790020,1137006150,1,118,4
en248,1,3798067,1139420250,1,37,4
en248,1,3812496,1143748950,1,672,4
en248,1,3812756,1143826950,1,90,4
en248,1,3812829,1143848850,1,597,4
en248,8,3824055,1147216650,1,13,4
en249,1,3790020,1137006150,1,143,4
en249,1,3798067,1139420250,1,36,4
en249,1,3812496,1143748950,1,7337,4
en249,1,3812757,1143827250,1,103,4
en249,1,3812829,1143848850,1,665,4
en249,1,3835046,1150513950,1,1226,4
en249,3,3835842,1150752750,1,1660,4
en249,8,3824055,1147216650,1,12,4
en25,1,3790020,1137006150,1,68,4
en25,1,3812496,1143748950,1,628,4
en25,1,3812756,1143826950,1,93,4
en25,1,3813936,1144180950,1,47,4
en25,1,3822523,1146757050,1,41,4
en25,1,3822858,1146857550,1,293,4
en25,1,3830352,1149105750,1,46,4
en25,1,3839820,1151946150,1,446,4
en25,1,3839904,1151971350,1,6,4
en250,1,3790020,1137006150,1,142,4
en250,1,3798067,1139420250,1,38,4
en250,1,3812496,1143748950,1,589,4
en250,1,3812829,1143848850,1,599,4
en251,1,3790020,1137006150,1,183,4
en251,1,3798068,1139420550,1,36,4
en251,1,3812496,1143748950,1,830,4
en251,1,3812756,1143826950,1,58,4
en251,1,3812829,1143848850,1,590,4
en251,1,3835046,1150513950,1,1226,4
en252,1,3790020,1137006150,1,125,4
en252,1,3798067,1139420250,1,36,4
en252,1,3812496,1143748950,1,7284,4
en252,1,3812755,1143826650,1,258,4
en252,1,3812830,1143849150,1,556,4
en252,8,3824055,1147216650,1,10,4
en253,1,3790020,1137006150,1,131,4
en253,1,3798067,1139420250,1,36,4
en253,1,3812496,1143748950,1,614,4
en253,1,3812756,1143826950,1,83,4
en253,1,3812829,1143848850,1,588,4
en254,1,3790020,1137006150,1,175,4
en254,1,3798067,1139420250,1,39,4
en254,1,3812496,1143748950,1,565,4
en254,1,3812756,1143826950,1,142,4
en254,1,3812829,1143848850,1,625,4
en255,1,3790020,1137006150,1,178,4
en255,1,3798067,1139420250,1,39,4
en255,1,3812496,1143748950,1,588,4
en255,1,3812756,1143826950,1,143,4
en255,1,3812829,1143848850,1,627,4
en255,8,3824055,1147216650,1,11,4
en256,1,3790020,1137006150,1,138,4
en256,1,3798067,1139420250,1,36,4
en256,1,3812496,1143748950,1,2768,4
en256,1,3812756,1143826950,1,24,4
en256,1,3812829,1143848850,1,588,4
en256,1,3835046,1150513950,1,1227,4
en257,1,3790020,1137006150,1,201,4
en257,1,3798066,1139419950,1,42,4
en257,1,3812496,1143748950,1,606,4
en257,1,3812756,1143826950,1,52,4
en257,1,3812829,1143848850,1,590,4
en258,1,3790020,1137006150,1,254,4
en258,1,3798067,1139420250,1,40,4
en258,1,3812496,1143748950,1,554,4
en258,8,3824055,1147216650,1,12,4
en259,1,3790020,1137006150,1,206,4
en259,1,3798067,1139420250,1,38,4
en259,1,3812496,1143748950,1,567,4
en259,1,3812756,1143826950,1,102,4
en259,8,3824055,1147216650,1,11,4
en26,1,3790020,1137006150,1,74,4
en26,1,3812496,1143748950,1,639,4
en26,1,3812756,1143826950,1,1380,4
en26,1,3813936,1144180950,1,50,4
en26,1,3822420,1146726150,1,581,4
en26,1,3822523,1146757050,1,28,4
en26,1,3822912,1146873750,1,292,4
en26,1,3823750,1147125150,1,601,4
en26,1,3830353,1149106050,1,41,4
en26,1,3839814,1151944350,1,1492,4
en26,1,3839904,1151971350,1,6,4
en260,1,3790020,1137006150,1,295,4
en260,1,3798067,1139420250,1,38,4
en260,1,3812496,1143748950,1,625,4
en260,1,3812829,1143848850,1,589,4
en260,8,3824055,1147216650,1,11,4
en261,1,3790020,1137006150,1,258,4
en261,1,3798067,1139420250,1,37,4
en261,1,3812496,1143748950,1,563,4
en261,1,3812756,1143826950,1,101,4
en261,1,3812829,1143848850,1,599,4
en261,8,3824055,1147216650,1,13,4
en262,1,3790020,1137006150,1,220,4
en262,1,3798067,1139420250,1,38,4
en262,1,3812496,1143748950,1,616,4
en262,1,3812756,1143826950,1,48,4
en262,1,3812829,1143848850,1,1227,4
en262,8,3824055,1147216650,1,13,4
en263,1,3790020,1137006150,1,472,4
en263,1,3798067,1139420250,1,37,4
en263,1,3812496,1143748950,1,643,4
en263,1,3812756,1143826950,1,87,4
en263,1,3812829,1143848850,1,623,4
en264,1,3790020,1137006150,1,229,4
en264,1,3798067,1139420250,1,36,4
en264,1,3812496,1143748950,1,965,4
en264,1,3812757,1143827250,1,183,4
en264,1,3812829,1143848850,1,593,4
en264,8,3824055,1147216650,1,12,4
en265,1,3790020,1137006150,1,469,4
en265,1,3798067,1139420250,1,38,4
en265,1,3812496,1143748950,1,617,4
en265,8,3824055,1147216650,1,11,4
en266,1,3790020,1137006150,1,199,4
en266,1,3798067,1139420250,1,37,4
en266,1,3812496,1143748950,1,555,4
en266,8,3824055,1147216650,1,11,4
en267,1,3790020,1137006150,1,211,4
en267,1,3798067,1139420250,1,36,4
en267,1,3812496,1143748950,1,1193,4
en267,8,3824055,1147216650,1,10,4
en268,1,3790020,1137006150,1,197,4
en268,1,3798067,1139420250,1,35,4
en268,1,3812496,1143748950,1,622,4
en268,8,3824055,1147216650,1,13,4
en269,1,3798067,1139420250,1,37,4
en269,1,3812496,1143748950,1,631,4
en269,1,3812758,1143827550,1,38,4
en269,8,3824055,1147216650,1,11,4
en27,1,3790072,1137021750,1,88,4
en27,1,3812496,1143748950,1,629,4
en27,1,3812756,1143826950,1,45,4
en27,1,3812829,1143848850,1,1340,4
en27,1,3813936,1144180950,1,2158,4
en27,1,3822420,1146726150,1,800,4
en27,1,3822904,1146871350,1,789,4
en27,1,3824280,1147284150,1,22,4
en27,1,3830351,1149105450,1,55,4
en27,1,3839815,1151944650,1,1009,4
en27,1,3839904,1151971350,1,6,4
en270,1,3790020,1137006150,1,231,4
en270,1,3798067,1139420250,1,37,4
en270,1,3812496,1143748950,1,1026,4
en270,1,3812756,1143826950,1,100,4
en270,8,3824055,1147216650,1,14,4
en271,1,3790020,1137006150,1,190,4
en271,1,3798067,1139420250,1,38,4
en271,1,3812496,1143748950,1,608,4
en271,1,3812757,1143827250,1,96,4
en271,8,3824055,1147216650,1,11,4
en272,1,3790020,1137006150,1,216,4
en272,1,3798067,1139420250,1,36,4
en272,1,3812496,1143748950,1,1121,4
en272,1,3812756,1143826950,1,68,4
en272,8,3824055,1147216650,1,10,4
en273,1,3790020,1137006150,1,225,4
en273,1,3798067,1139420250,1,35,4
en273,1,3812496,1143748950,1,888,4
en273,1,3812756,1143826950,1,73,4
en273,8,3824055,1147216650,1,14,4
en274,1,3790020,1137006150,1,253,4
en274,1,3798067,1139420250,1,35,4
en274,1,3812496,1143748950,1,614,4
en274,1,3812757,1143827250,1,66,4
en274,8,3824055,1147216650,1,11,4
en275,1,3790020,1137006150,1,320,4
en275,1,3798067,1139420250,1,38,4
en275,1,3812496,1143748950,1,552,4
en275,1,3812757,1143827250,1,31,4
en275,1,3816363,1144909050,1,1394,4
en275,1,3835046,1150513950,1,1223,4
en276,1,3790020,1137006150,1,225,4
en276,1,3798067,1139420250,1,36,4
en276,1,3812496,1143748950,1,1294,4
en276,1,3812757,1143827250,1,34,4
en276,8,3824055,1147216650,1,12,4
en277,1,3790020,1137006150,1,238,4
en277,1,3798067,1139420250,1,37,4
en277,1,3812496,1143748950,1,565,4
en277,1,3812757,1143827250,1,1242,4
en277,8,3824055,1147216650,1,10,4
en278,1,3790020,1137006150,1,219,4
en278,1,3798067,1139420250,1,38,4
en278,1,3812496,1143748950,1,622,4
en278,1,3812757,1143827250,1,20,4
en278,8,3824055,1147216650,1,12,4
en279,1,3790020,1137006150,1,248,4
en279,1,3798068,1139420550,1,34,4
en279,1,3812496,1143748950,1,1106,4
en279,1,3812757,1143827250,1,95,4
en28,1,3790072,1137021750,1,71,4
en28,1,3812496,1143748950,1,632,4
en28,1,3812756,1143826950,1,32,4
en28,1,3812829,1143848850,1,854,4
en28,1,3813936,1144180950,1,258,4
en28,1,3822523,1146757050,1,38,4
en28,1,3822903,1146871050,1,795,4
en28,1,3830351,1149105450,1,48,4
en28,1,3839815,1151944650,1,1477,4
en28,1,3839905,1151971650,1,6,4
en280,1,3790020,1137006150,1,303,4
en280,1,3798067,1139420250,1,35,4
en280,1,3812496,1143748950,1,610,4
en280,8,3824055,1147216650,1,11,4
en281,1,3790020,1137006150,1,277,4
en281,1,3798066,1139419950,1,44,4
en281,1,3812496,1143748950,1,607,4
en281,1,3812756,1143826950,1,67,4
en281,8,3824055,1147216650,1,12,4
en282,1,3790020,1137006150,1,221,4
en282,1,3798067,1139420250,1,36,4
en282,1,3812756,1143826950,1,34,4
en283,1,3790020,1137006150,1,291,4
en283,1,3798067,1139420250,1,35,4
en283,1,3812496,1143748950,1,852,4
en283,1,3812757,1143827250,1,100,4
en283,8,3824055,1147216650,1,11,4
en284,1,3790020,1137006150,1,219,4
en284,1,3798067,1139420250,1,39,4
en284,1,3812496,1143748950,1,645,4
en284,1,3812757,1143827250,1,231,4
en284,8,3824055,1147216650,1,13,4
en285,1,3790020,1137006150,1,241,4
en285,1,3798067,1139420250,1,37,4
en285,1,3812496,1143748950,1,624,4
en285,1,3812756,1143826950,1,66,4
en285,8,3824055,1147216650,1,10,4
en286,1,3790020,1137006150,1,221,4
en286,1,3798067,1139420250,1,38,4
en286,1,3812496,1143748950,1,2304,4
en286,1,3812757,1143827250,1,44,4
en286,8,3824055,1147216650,1,10,4
en287,1,3790020,1137006150,1,241,4
en287,1,3798067,1139420250,1,35,4
en287,1,3812496,1143748950,1,616,4
en287,8,3824055,1147216650,1,12,4
en288,1,3790020,1137006150,1,227,4
en288,1,3798067,1139420250,1,38,4
en288,1,3812496,1143748950,1,1087,4
en288,1,3812756,1143826950,1,94,4
en288,8,3824055,1147216650,1,14,4
en289,1,3790020,1137006150,1,73,4
en289,1,3798067,1139420250,1,36,4
en289,1,3812496,1143748950,1,604,4
en289,1,3812757,1143827250,1,24,4
en289,8,3824055,1147216650,1,10,4
en29,1,3790020,1137006150,1,88,4
en29,1,3812496,1143748950,1,640,4
en29,1,3812756,1143826950,1,45,4
en29,1,3812829,1143848850,1,577,4
en29,1,3813936,1144180950,1,6155,4
en29,1,3822523,1146757050,1,46,4
en29,1,3822905,1146871650,1,309,4
en29,1,3824279,1147283850,1,29,4
en29,1,3830351,1149105450,1,54,4
en29,1,3839904,1151971350,1,6,4
en290,1,3790020,1137006150,1,415,4
en290,1,3798068,1139420550,1,37,4
en290,1,3812496,1143748950,1,610,4
en290,1,3812757,1143827250,1,40,4
en291,1,3798067,1139420250,1,35,4
en291,1,3812496,1143748950,1,580,4
en291,1,3812756,1143826950,1,36,4
en292,1,3790020,1137006150,1,78,4
en292,1,3798067,1139420250,1,35,4
en292,1,3812496,1143748950,1,750,4
en292,1,3812757,1143827250,1,44,4
en292,8,3824055,1147216650,1,12,4
en293,1,3790020,1137006150,1,82,4
en293,1,3798067,1139420250,1,34,4
en293,1,3812496,1143748950,1,561,4
en293,1,3812757,1143827250,1,23,4
en293,8,3824055,1147216650,1,10,4
en294,1,3790020,1137006150,1,73,4
en294,1,3798067,1139420250,1,34,4
en294,1,3812497,1143749250,1,960,4
en295,1,3790020,1137006150,1,119,4
en295,1,3798067,1139420250,1,36,4
en295,1,3812496,1143748950,1,657,4
en295,1,3812757,1143827250,1,132,4
en296,1,3790020,1137006150,1,68,4
en296,1,3798067,1139420250,1,35,4
en296,1,3812496,1143748950,1,543,4
en296,1,3812757,1143827250,1,100,4
en296,8,3824055,1147216650,1,14,4
en297,1,3790020,1137006150,1,90,4
en297,1,3798067,1139420250,1,35,4
en297,1,3812496,1143748950,1,627,4
en297,1,3812758,1143827550,1,99,4
en298,1,3790020,1137006150,1,88,4
en298,1,3798067,1139420250,1,37,4
en298,1,3812496,1143748950,1,617,4
en298,1,3812756,1143826950,1,18,4
en299,1,3790020,1137006150,1,70,4
en299,1,3798067,1139420250,1,35,4
en299,1,3812496,1143748950,1,1732,4
en299,1,3812757,1143827250,1,31,4
en299,8,3824055,1147216650,1,10,4
en3,1,3790074,1137022350,1,97,4
en3,1,3812217,1143665250,1,1317,4
en3,1,3812221,1143666450,1,1317,4
en3,1,3812244,1143673350,1,1607,4
en3,1,3812497,1143749250,1,688,4
en3,1,3812508,1143752550,1,676,4
en3,1,3812755,1143826650,1,207,4
en3,1,3812829,1143848850,1,1178,4
en3,1,3813937,1144181250,1,52,4
en3,1,3822420,1146726150,1,935,4
en3,1,3822523,1146757050,1,1299,4
en3,1,3822902,1146870750,1,1012,4
en3,1,3823750,1147125150,1,531,4
en3,1,3830352,1149105750,1,49,4
en3,1,3839906,1151971950,1,3,3
en30,1,3790020,1137006150,1,88,4
en30,1,3812496,1143748950,1,640,4
en30,1,3812756,1143826950,1,243,4
en30,1,3812829,1143848850,1,1260,4
en30,1,3813936,1144180950,1,2368,4
en30,1,3822858,1146857550,1,358,4
en30,1,3822912,1146873750,1,280,4
en30,1,3824279,1147283850,1,33,4
en30,1,3831817,1149545250,1,85,4
en30,1,3839815,1151944650,1,1454,4
en30,1,3839905,1151971650,1,3,3
en300,1,3790020,1137006150,1,72,4
en300,1,3798067,1139420250,1,38,4
en300,1,3812496,1143748950,1,552,4
en300,1,3812757,1143827250,1,67,4
en301,1,3790020,1137006150,1,74,4
en301,1,3798067,1139420250,1,33,4
en301,1,3812496,1143748950,1,617,4
en301,1,3812757,1143827250,1,83,4
en302,1,3790020,1137006150,1,71,4
en302,1,3798067,1139420250,1,33,4
en302,1,3812496,1143748950,1,1069,4
en302,1,3812757,1143827250,1,118,4
en303,1,3790020,1137006150,1,79,4
en303,1,3798067,1139420250,1,34,4
en303,1,3812496,1143748950,1,605,4
en303,1,3812756,1143826950,1,134,4
en303,8,3824055,1147216650,1,10,4
en304,1,3790020,1137006150,1,66,4
en304,1,3798067,1139420250,1,35,4
en304,1,3812497,1143749250,1,888,4
en304,8,3824055,1147216650,1,11,4
en305,1,3790020,1137006150,1,72,4
en305,1,3798067,1139420250,1,35,4
en305,1,3812496,1143748950,1,614,4
en305,8,3824055,1147216650,1,12,4
en306,1,3790020,1137006150,1,68,4
en306,1,3798067,1139420250,1,37,4
en306,1,3812496,1143748950,1,554,4
en306,1,3812757,1143827250,1,132,4
en306,8,3824055,1147216650,1,11,4
en307,1,3790020,1137006150,1,76,4
en307,1,3798068,1139420550,1,36,4
en307,1,3812496,1143748950,1,567,4
en307,1,3812757,1143827250,1,93,4
en307,8,3824055,1147216650,1,10,4
en308,1,3790020,1137006150,1,130,4
en308,1,3798067,1139420250,1,34,4
en308,1,3812496,1143748950,1,1005,4
en308,8,3824055,1147216650,1,13,4
en309,1,3790020,1137006150,1,84,4
en309,1,3798067,1139420250,1,32,4
en309,1,3812496,1143748950,1,552,4
en309,8,3824055,1147216650,1,10,4
en31,1,3790020,1137006150,1,112,4
en31,1,3812496,1143748950,1,1458,4
en31,1,3812756,1143826950,1,119,4
en31,1,3813936,1144180950,1,47,4
en31,1,3822420,1146726150,1,1117,4
en31,1,3830352,1149105750,1,44,4
en31,1,3839904,1151971350,1,6,4
en310,1,3790020,1137006150,1,81,4
en310,1,3798067,1139420250,1,32,4
en310,1,3812496,1143748950,1,608,4
en310,1,3812757,1143827250,1,40,4
en310,8,3824055,1147216650,1,13,4
en311,1,3790020,1137006150,1,426,4
en311,1,3798067,1139420250,1,35,4
en311,1,3812496,1143748950,1,606,4
en311,1,3812757,1143827250,1,70,4
en311,8,3824055,1147216650,1,10,4
en312,1,3790020,1137006150,1,79,4
en312,1,3798067,1139420250,1,35,4
en312,1,3812496,1143748950,1,696,4
en312,1,3812757,1143827250,1,135,4
en312,8,3824055,1147216650,1,11,4
en313,1,3790020,1137006150,1,117,4
en313,1,3798067,1139420250,1,36,4
en313,1,3812496,1143748950,1,1292,4
en313,1,3812758,1143827550,1,107,4
en313,8,3824055,1147216650,1,10,4
en314,1,3790020,1137006150,1,84,4
en314,1,3798067,1139420250,1,36,4
en314,1,3812496,1143748950,1,652,4
en314,1,3812757,1143827250,1,46,4
en314,1,3823029,1146908850,1,1434,4
en315,1,3790020,1137006150,1,81,4
en315,1,3798067,1139420250,1,31,4
en315,1,3812496,1143748950,1,596,4
en315,8,3824055,1147216650,1,10,4
en316,1,3790020,1137006150,1,85,4
en316,1,3798067,1139420250,1,34,4
en316,1,3812496,1143748950,1,748,4
en316,8,3824055,1147216650,1,10,4
en317,1,3790020,1137006150,1,111,4
en317,1,3798067,1139420250,1,35,4
en317,1,3812496,1143748950,1,2052,4
en317,1,3812757,1143827250,1,230,4
en317,8,3824055,1147216650,1,14,4
en318,1,3790020,1137006150,1,473,4
en318,1,3798067,1139420250,1,34,4
en318,1,3812496,1143748950,1,623,4
en318,1,3812757,1143827250,1,120,4
en318,8,3824055,1147216650,1,11,4
en319,1,3790020,1137006150,1,91,4
en319,1,3798067,1139420250,1,35,4
en319,1,3812496,1143748950,1,620,4
en319,1,3812757,1143827250,1,316,4
en319,8,3824055,1147216650,1,10,4
en32,1,3790071,1137021450,1,88,4
en32,1,3812496,1143748950,1,632,4
en32,1,3812756,1143826950,1,170,4
en32,1,3812829,1143848850,1,1119,4
en32,1,3813936,1144180950,1,240,4
en32,1,3822858,1146857550,1,167,4
en32,1,3822903,1146871050,1,767,4
en32,1,3824279,1147283850,1,22,4
en32,1,3830354,1149106350,1,37,4
en32,1,3839840,1151952150,1,1895,4
en320,1,3790020,1137006150,1,82,4
en320,1,3798067,1139420250,1,35,4
en320,1,3812496,1143748950,1,595,4
en320,1,3812756,1143826950,1,60,4
en320,8,3824055,1147216650,1,10,4
en321,1,3790020,1137006150,1,411,4
en321,1,3798067,1139420250,1,33,4
en321,1,3812497,1143749250,1,1051,4
en321,1,3812757,1143827250,1,30,4
en321,8,3824055,1147216650,1,11,4
en322,1,3790020,1137006150,1,437,4
en322,1,3798067,1139420250,1,35,4
en322,1,3812496,1143748950,1,1037,4
en322,1,3812756,1143826950,1,41,4
en322,8,3824055,1147216650,1,10,4
en323,1,3790020,1137006150,1,410,4
en323,1,3798067,1139420250,1,35,4
en323,1,3812496,1143748950,1,616,4
en323,1,3812756,1143826950,1,57,4
en323,8,3824055,1147216650,1,11,4
en324,1,3790020,1137006150,1,436,4
en324,1,3798067,1139420250,1,36,4
en324,1,3812496,1143748950,1,570,4
en324,1,3812757,1143827250,1,44,4
en324,8,3824055,1147216650,1,10,4
en325,1,3790020,1137006150,1,440,4
en325,1,3798067,1139420250,1,37,4
en325,1,3812496,1143748950,1,634,4
en325,1,3812757,1143827250,1,25,4
en325,8,3824055,1147216650,1,14,4
en326,1,3790020,1137006150,1,418,4
en326,1,3798067,1139420250,1,33,4
en326,1,3812496,1143748950,1,1122,4
en326,1,3812756,1143826950,1,38,4
en326,8,3824055,1147216650,1,10,4
en327,1,3790020,1137006150,1,428,4
en327,1,3798067,1139420250,1,35,4
en327,1,3812496,1143748950,1,985,4
en327,1,3812757,1143827250,1,27,4
en328,1,3790020,1137006150,1,416,4
en328,1,3798067,1139420250,1,34,4
en328,1,3812496,1143748950,1,631,4
en328,8,3824055,1147216650,1,14,4
en329,1,3790020,1137006150,1,431,4
en329,1,3798067,1139420250,1,38,4
en329,1,3812496,1143748950,1,581,4
en329,1,3812756,1143826950,1,20,4
en33,1,3790020,1137006150,1,86,4
en33,1,3812496,1143748950,1,625,4
en33,1,3812756,1143826950,1,72,4
en33,1,3812829,1143848850,1,576,4
en33,1,3813936,1144180950,1,32,4
en33,8,3824055,1147216650,1,10,4
en330,1,3790020,1137006150,1,409,4
en330,1,3798067,1139420250,1,34,4
en330,1,3812496,1143748950,1,617,4
en330,1,3812757,1143827250,1,131,4
en330,8,3824055,1147216650,1,13,4
en331,1,3790020,1137006150,1,420,4
en331,1,3798067,1139420250,1,38,4
en331,1,3812496,1143748950,1,567,4
en331,1,3812757,1143827250,1,135,4
en331,8,3824055,1147216650,1,10,4
en332,1,3790020,1137006150,1,443,4
en332,1,3798067,1139420250,1,35,4
en332,1,3812496,1143748950,1,680,4
en332,1,3812757,1143827250,1,35,4
en332,8,3824055,1147216650,1,13,4
en333,1,3790020,1137006150,1,412,4
en333,1,3798067,1139420250,1,37,4
en333,1,3812496,1143748950,1,555,4
en333,1,3812757,1143827250,1,96,4
en333,8,3824055,1147216650,1,11,4
en334,1,3790020,1137006150,1,421,4
en334,1,3798067,1139420250,1,34,4
en334,1,3812496,1143748950,1,6213,4
en334,1,3812757,1143827250,1,26,4
en334,8,3824055,1147216650,1,11,4
en335,1,3790020,1137006150,1,427,4
en335,1,3798067,1139420250,1,35,4
en335,1,3812496,1143748950,1,1089,4
en335,1,3812757,1143827250,1,76,4
en335,8,3824055,1147216650,1,11,4
en336,1,3790020,1137006150,1,443,4
en336,1,3798067,1139420250,1,34,4
en336,1,3812496,1143748950,1,656,4
en336,1,3812757,1143827250,1,51,4
en336,1,3826389,1147916850,1,137,4
en336,1,3838836,1151650950,1,153,4
en336,7,3823678,1147103550,1,43,4
en336,7,3826389,1147916850,1,137,4
en336,7,3838836,1151650950,1,153,4
en337,1,3790020,1137006150,1,230,4
en337,1,3798067,1139420250,1,34,4
en337,1,3812496,1143748950,1,592,4
en337,1,3812757,1143827250,1,38,4
en337,8,3824055,1147216650,1,11,4
en338,1,3790020,1137006150,1,175,4
en338,1,3798067,1139420250,1,35,4
en338,1,3812496,1143748950,1,548,4
en338,1,3812757,1143827250,1,103,4
en338,8,3824055,1147216650,1,10,4
en339,1,3790020,1137006150,1,155,4
en339,1,3798067,1139420250,1,36,4
en339,1,3812496,1143748950,1,597,4
en339,1,3812757,1143827250,1,57,4
en34,1,3790020,1137006150,1,458,4
en34,1,3812496,1143748950,1,572,4
en34,1,3812756,1143826950,1,280,4
en34,1,3812829,1143848850,1,588,4
en34,1,3813936,1144180950,1,57,4
en340,1,3790020,1137006150,1,160,4
en340,1,3798067,1139420250,1,36,4
en340,1,3812496,1143748950,1,613,4
en340,1,3812757,1143827250,1,35,4
en340,8,3824055,1147216650,1,10,4
en341,1,3790020,1137006150,1,168,4
en341,1,3798067,1139420250,1,34,4
en341,1,3812496,1143748950,1,614,4
en341,1,3812757,1143827250,1,84,4
en341,8,3824055,1147216650,1,13,4
en342,1,3790020,1137006150,1,176,4
en342,1,3798067,1139420250,1,34,4
en342,1,3812496,1143748950,1,656,4
en342,1,3812757,1143827250,1,104,4
en342,8,3824055,1147216650,1,12,4
en343,1,3790020,1137006150,1,136,4
en343,1,3798067,1139420250,1,35,4
en343,1,3812496,1143748950,1,614,4
en343,1,3812756,1143826950,1,126,4
en343,8,3824055,1147216650,1,11,4
en344,1,3790020,1137006150,1,149,4
en344,1,3798067,1139420250,1,35,4
en344,1,3812496,1143748950,1,659,4
en344,1,3812757,1143827250,1,132,4
en344,8,3824055,1147216650,1,10,4
en345,1,3790020,1137006150,1,154,4
en345,1,3798068,1139420550,1,34,4
en345,1,3812496,1143748950,1,1198,4
en345,1,3812756,1143826950,1,276,4
en345,8,3824055,1147216650,1,13,4
en346,1,3790020,1137006150,1,139,4
en346,1,3798067,1139420250,1,38,4
en346,1,3812496,1143748950,1,583,4
en346,1,3812756,1143826950,1,937,4
en346,8,3824055,1147216650,1,13,4
en347,1,3790020,1137006150,1,227,4
en347,1,3798067,1139420250,1,36,4
en347,1,3812496,1143748950,1,610,4
en347,1,3812757,1143827250,1,55,4
en347,8,3824055,1147216650,1,10,4
en348,1,3790020,1137006150,1,162,4
en348,1,3798067,1139420250,1,37,4
en348,1,3812496,1143748950,1,1129,4
en348,1,3812757,1143827250,1,86,4
en348,8,3824055,1147216650,1,14,4
en349,1,3790020,1137006150,1,142,4
en349,1,3798067,1139420250,1,37,4
en349,1,3812496,1143748950,1,2336,4
en349,1,3812757,1143827250,1,39,4
en349,8,3824055,1147216650,1,14,4
en35,1,3790020,1137006150,1,441,4
en35,1,3812496,1143748950,1,572,4
en35,1,3812756,1143826950,1,34,4
en35,1,3812829,1143848850,1,955,4
en35,1,3813937,1144181250,1,107,4
en35,8,3824055,1147216650,1,10,4
en350,1,3790020,1137006150,1,132,4
en350,1,3798067,1139420250,1,38,4
en350,1,3812496,1143748950,1,650,4
en350,1,3812757,1143827250,1,67,4
en350,8,3824055,1147216650,1,13,4
en351,1,3790020,1137006150,1,157,4
en351,1,3798067,1139420250,1,35,4
en351,1,3812496,1143748950,1,617,4
en351,1,3812758,1143827550,1,105,4
en352,1,3790020,1137006150,1,152,4
en352,1,3798067,1139420250,1,36,4
en352,1,3812496,1143748950,1,623,4
en352,1,3812757,1143827250,1,52,4
en352,8,3824055,1147216650,1,11,4
en353,1,3790020,1137006150,1,478,4
en353,1,3798067,1139420250,1,481,4
en353,1,3812496,1143748950,1,1220,4
en353,1,3812757,1143827250,1,136,4
en353,8,3824055,1147216650,1,13,4
en354,1,3790020,1137006150,1,469,4
en354,1,3798067,1139420250,1,484,4
en354,1,3812496,1143748950,1,650,4
en354,1,3812757,1143827250,1,119,4
en354,8,3824055,1147216650,1,12,4
en355,1,3790020,1137006150,1,467,4
en355,1,3798067,1139420250,1,483,4
en355,1,3812496,1143748950,1,660,4
en355,1,3812757,1143827250,1,100,4
en355,8,3824055,1147216650,1,13,4
en356,1,3790020,1137006150,1,469,4
en356,1,3798067,1139420250,1,485,4
en356,1,3812496,1143748950,1,1416,4
en356,1,3812756,1143826950,1,212,4
en356,8,3824055,1147216650,1,14,4
en357,1,3790020,1137006150,1,468,4
en357,1,3798067,1139420250,1,35,4
en357,1,3812496,1143748950,1,649,4
en357,1,3812757,1143827250,1,36,4
en357,8,3824055,1147216650,1,11,4
en358,1,3790020,1137006150,1,469,4
en358,1,3798067,1139420250,1,35,4
en358,2,3798969,1139690850,1,52,4
en358,2,3798974,1139692350,1,53,4
en358,2,3799583,1139875050,1,23,4
en358,2,3799584,1139875350,1,23,4
en358,2,3799586,1139875950,1,23,4
en358,2,3799590,1139877150,1,23,4
en358,2,3799776,1139932950,1,4,4
en358,2,3799825,1139947650,1,4,4
en358,2,3799841,1139952450,1,5,4
en358,2,3800424,1140127350,1,7,4
en358,2,3800704,1140211350,1,4,4
en358,2,3800708,1140212550,1,4,4
en358,2,3800740,1140222150,1,4,4
en358,2,3800744,1140223350,1,4,4
en358,2,3801493,1140448050,1,3,3
en358,2,3801795,1140538650,1,11,4
en358,2,3801859,1140557850,1,11,4
en358,2,3801861,1140558450,1,11,4
en358,2,3801862,1140558750,1,11,4
en358,2,3802361,1140708450,1,11,4
en358,2,3802362,1140708750,1,11,4
en358,2,3802363,1140709050,1,11,4
en358,2,3802364,1140709350,1,11,4
en358,2,3802415,1140724650,1,5,4
en358,2,3802674,1140802350,1,4,4
en358,2,3802728,1140818550,1,41,4
en358,2,3802729,1140818850,1,41,4
en358,3,3798974,1139692350,1,53,4
en358,7,3798969,1139690850,1,52,4
en359,1,3790020,1137006150,1,469,4
en359,1,3798066,1139419950,1,43,4
en359,1,3812496,1143748950,1,645,4
en359,1,3812758,1143827550,1,35,4
en359,8,3824055,1147216650,1,10,4
en36,1,3790020,1137006150,1,455,4
en36,1,3812496,1143748950,1,562,4
en36,1,3812755,1143826650,1,20,4
en36,1,3812829,1143848850,1,1281,4
en36,1,3813936,1144180950,1,85,4
en360,1,3790020,1137006150,1,468,4
en360,1,3798066,1139419950,1,483,4
en360,1,3812497,1143749250,1,693,4
en360,1,3812756,1143826950,1,69,4
en360,8,3824055,1147216650,1,13,4
en361,1,3790020,1137006150,1,470,4
en361,1,3798067,1139420250,1,35,4
en361,1,3812496,1143748950,1,793,4
en361,1,3812757,1143827250,1,215,4
en361,8,3824055,1147216650,1,11,4
en362,1,3790020,1137006150,1,465,4
en362,1,3798067,1139420250,1,35,4
en362,1,3812496,1143748950,1,650,4
en362,1,3812756,1143826950,1,13,4
en362,8,3824055,1147216650,1,12,4
en363,1,3790020,1137006150,1,470,4
en363,1,3798066,1139419950,1,42,4
en363,1,3812496,1143748950,1,570,4
en363,1,3832380,1149714150,1,136,4
en363,8,3824055,1147216650,1,12,4
en364,1,3790020,1137006150,1,465,4
en364,1,3798066,1139419950,1,43,4
en364,1,3812496,1143748950,1,616,4
en364,1,3812757,1143827250,1,48,4
en364,8,3824055,1147216650,1,11,4
en365,1,3790020,1137006150,1,467,4
en365,1,3798067,1139420250,1,37,4
en365,1,3812496,1143748950,1,924,4
en365,1,3812757,1143827250,1,79,4
en365,8,3824055,1147216650,1,11,4
en366,1,3790020,1137006150,1,479,4
en366,1,3798067,1139420250,1,35,4
en366,1,3812496,1143748950,1,610,4
en366,1,3812757,1143827250,1,120,4
en366,8,3824055,1147216650,1,10,4
en367,1,3790020,1137006150,1,468,4
en367,1,3798067,1139420250,1,37,4
en367,1,3812496,1143748950,1,614,4
en367,1,3812757,1143827250,1,36,4
en367,8,3824055,1147216650,1,14,4
en368,1,3790020,1137006150,1,469,4
en368,1,3798066,1139419950,1,484,4
en368,1,3812496,1143748950,1,557,4
en368,8,3824055,1147216650,1,11,4
en369,1,3790020,1137006150,1,215,4
en369,1,3798066,1139419950,1,41,4
en369,1,3812496,1143748950,1,652,4
en369,1,3812757,1143827250,1,147,4
en369,8,3824055,1147216650,1,11,4
en37,1,3790020,1137006150,1,424,4
en37,1,3812496,1143748950,1,920,4
en37,1,3812756,1143826950,1,58,4
en37,1,3812829,1143848850,1,691,4
en37,1,3813936,1144180950,1,567,4
en370,1,3790020,1137006150,1,143,4
en370,1,3798067,1139420250,1,38,4
en370,1,3812496,1143748950,1,619,4
en370,8,3824055,1147216650,1,10,4
en371,1,3790020,1137006150,1,185,4
en371,1,3798067,1139420250,1,37,4
en371,1,3812496,1143748950,1,674,4
en371,1,3812756,1143826950,1,117,4
en371,8,3824055,1147216650,1,11,4
en372,1,3790020,1137006150,1,313,4
en372,1,3798066,1139419950,1,42,4
en372,1,3812496,1143748950,1,621,4
en372,1,3812757,1143827250,1,23,4
en372,8,3824055,1147216650,1,10,4
en373,1,3790020,1137006150,1,136,4
en373,1,3798066,1139419950,1,60,4
en373,1,3812496,1143748950,1,1097,4
en373,1,3812756,1143826950,1,232,4
en373,8,3824055,1147216650,1,11,4
en374,1,3790020,1137006150,1,138,4
en374,1,3798066,1139419950,1,44,4
en374,1,3812757,1143827250,1,115,4
en374,8,3824055,1147216650,1,14,4
en375,1,3790020,1137006150,1,126,4
en375,1,3798067,1139420250,1,38,4
en375,1,3812496,1143748950,1,617,4
en375,1,3812758,1143827550,1,45,4
en375,8,3824055,1147216650,1,12,4
en376,1,3790020,1137006150,1,146,4
en376,1,3798066,1139419950,1,43,4
en376,1,3812496,1143748950,1,608,4
en376,1,3812757,1143827250,1,106,4
en377,1,3790020,1137006150,1,148,4
en377,1,3798066,1139419950,1,43,4
en377,1,3812496,1143748950,1,1247,4
en377,8,3824055,1147216650,1,11,4
en378,1,3790020,1137006150,1,188,4
en378,1,3798066,1139419950,1,41,4
en378,1,3812496,1143748950,1,552,4
en378,1,3812756,1143826950,1,178,4
en378,8,3824055,1147216650,1,11,4
en379,1,3790020,1137006150,1,154,4
en379,1,3798066,1139419950,1,47,4
en379,1,3812496,1143748950,1,551,4
en379,1,3812757,1143827250,1,31,4
en38,1,3790020,1137006150,1,429,4
en38,1,3812496,1143748950,1,565,4
en38,1,3812756,1143826950,1,1125,4
en38,1,3812829,1143848850,1,1201,4
en38,1,3813936,1144180950,1,35,4
en38,8,3824055,1147216650,1,11,4
en380,1,3790020,1137006150,1,140,4
en380,1,3798066,1139419950,1,42,4
en380,1,3812496,1143748950,1,613,4
en380,1,3812756,1143826950,1,1947,4
en381,1,3790020,1137006150,1,128,4
en381,1,3798066,1139419950,1,43,4
en381,1,3812496,1143748950,1,594,4
en381,1,3812757,1143827250,1,97,4
en382,1,3790020,1137006150,1,183,4
en382,1,3798066,1139419950,1,43,4
en382,1,3812496,1143748950,1,543,4
en382,1,3812756,1143826950,1,29,4
en382,1,3835046,1150513950,1,1237,4
en383,1,3790020,1137006150,1,192,4
en383,1,3798067,1139420250,1,38,4
en383,1,3812496,1143748950,1,549,4
en383,1,3812757,1143827250,1,94,4
en383,1,3835046,1150513950,1,1235,4
en383,3,3835772,1150731750,1,1703,4
en384,1,3790020,1137006150,1,114,4
en384,1,3798066,1139419950,1,46,4
en384,1,3812496,1143748950,1,623,4
en384,1,3812757,1143827250,1,96,4
en384,1,3812830,1143849150,1,552,4
en384,1,3813951,1144185450,1,166,4
en384,1,3835046,1150513950,1,1238,4
en39,1,3790020,1137006150,1,447,4
en39,1,3812496,1143748950,1,561,4
en39,1,3812756,1143826950,1,258,4
en39,1,3812829,1143848850,1,1711,4
en39,1,3813936,1144180950,1,495,4
en39,8,3824055,1147216650,1,10,4
en4,1,3790074,1137022350,1,80,4
en4,1,3812219,1143665850,1,31,4
en4,1,3812496,1143748950,1,1650,4
en4,1,3812508,1143752550,1,1669,4
en4,1,3812756,1143826950,1,297,4
en4,1,3812829,1143848850,1,1103,4
en4,1,3813936,1144180950,1,564,4
en4,1,3822420,1146726150,1,773,4
en4,1,3822523,1146757050,1,336,4
en4,1,3830345,1149103650,1,533,4
en4,1,3839815,1151944650,1,1006,4
en4,1,3839904,1151971350,1,3,3
en40,1,3790020,1137006150,1,444,4
en40,1,3812496,1143748950,1,553,4
en40,1,3812757,1143827250,1,100,4
en40,1,3812784,1143835350,1,599,4
en40,1,3813936,1144180950,1,49,4
en40,8,3824055,1147216650,1,13,4
en41,1,3790020,1137006150,1,413,4
en41,1,3812496,1143748950,1,594,4
en41,1,3812756,1143826950,1,31,4
en41,1,3812829,1143848850,1,614,4
en41,1,3813937,1144181250,1,3489,4
en41,8,3824055,1147216650,1,12,4
en42,1,3790020,1137006150,1,438,4
en42,1,3812496,1143748950,1,563,4
en42,1,3812756,1143826950,1,161,4
en42,1,3812829,1143848850,1,560,4
en42,1,3813936,1144180950,1,48,4
en42,8,3824055,1147216650,1,10,4
en43,1,3790020,1137006150,1,265,4
en43,1,3812496,1143748950,1,570,4
en43,1,3812756,1143826950,1,466,4
en43,1,3812829,1143848850,1,633,4
en43,1,3813937,1144181250,1,5533,4
en43,8,3824055,1147216650,1,12,4
en44,1,3790020,1137006150,1,445,4
en44,1,3812496,1143748950,1,570,4
en44,1,3812755,1143826650,1,237,4
en44,1,3812829,1143848850,1,1488,4
en44,1,3813936,1144180950,1,1196,4
en44,8,3824055,1147216650,1,11,4
en45,1,3790020,1137006150,1,432,4
en45,1,3812496,1143748950,1,572,4
en45,1,3812724,1143817350,1,226,4
en45,1,3812756,1143826950,1,32,4
en45,1,3813937,1144181250,1,111,4
en45,8,3824055,1147216650,1,10,4
en46,1,3790020,1137006150,1,429,4
en46,1,3812496,1143748950,1,702,4
en46,1,3812756,1143826950,1,247,4
en46,1,3813937,1144181250,1,461,4
en46,8,3824055,1147216650,1,10,4
en47,1,3790020,1137006150,1,444,4
en47,1,3812496,1143748950,1,563,4
en47,1,3812756,1143826950,1,43,4
en47,1,3812829,1143848850,1,1657,4
en47,1,3813936,1144180950,1,2126,4
en47,8,3824055,1147216650,1,11,4
en48,1,3812496,1143748950,1,564,4
en48,1,3812756,1143826950,1,41,4
en48,1,3812829,1143848850,1,586,4
en48,1,3813936,1144180950,1,39,4
en48,8,3824055,1147216650,1,12,4
en49,1,3790020,1137006150,1,436,4
en49,1,3812496,1143748950,1,1039,4
en49,1,3812756,1143826950,1,465,4
en49,1,3812829,1143848850,1,812,4
en49,1,3813936,1144180950,1,48,4
en49,8,3824055,1147216650,1,10,4
en5,1,3790020,1137006150,1,242,4
en5,1,3812496,1143748950,1,826,4
en5,1,3812508,1143752550,1,1327,4
en5,1,3812756,1143826950,1,302,4
en5,1,3812829,1143848850,1,772,4
en5,1,3813936,1144180950,1,62,4
en5,1,3822858,1146857550,1,21,4
en5,1,3823730,1147119150,1,21,4
en5,1,3823750,1147125150,1,922,4
en5,1,3830351,1149105450,1,54,4
en5,1,3839815,1151944650,1,1021,4
en5,1,3839905,1151971650,1,3,3
en5,2,3796726,1139017950,1,38,4
en5,2,3796732,1139019750,1,38,4
en5,2,3797581,1139274450,1,24,4
en5,7,3796726,1139017950,1,38,4
en50,1,3790020,1137006150,1,167,4
en50,1,3812496,1143748950,1,561,4
en50,1,3812756,1143826950,1,650,4
en50,1,3812829,1143848850,1,1636,4
en50,1,3813936,1144180950,1,55,4
en50,8,3824055,1147216650,1,11,4
en51,1,3790020,1137006150,1,162,4
en51,1,3812496,1143748950,1,563,4
en51,1,3812757,1143827250,1,535,4
en51,1,3812829,1143848850,1,616,4
en51,1,3813936,1144180950,1,37,4
en51,8,3824055,1147216650,1,14,4
en52,1,3790020,1137006150,1,151,4
en52,1,3812496,1143748950,1,572,4
en52,1,3812756,1143826950,1,29,4
en52,1,3812829,1143848850,1,587,4
en52,1,3813936,1144180950,1,477,4
en52,8,3824055,1147216650,1,10,4
en53,1,3790020,1137006150,1,154,4
en53,1,3812496,1143748950,1,563,4
en53,1,3812756,1143826950,1,126,4
en53,1,3812829,1143848850,1,646,4
en53,1,3813936,1144180950,1,44,4
en53,8,3824055,1147216650,1,14,4
en54,1,3790020,1137006150,1,156,4
en54,1,3812496,1143748950,1,572,4
en54,1,3812757,1143827250,1,180,4
en54,1,3812829,1143848850,1,1659,4
en54,1,3813936,1144180950,1,41,4
en55,1,3812496,1143748950,1,625,4
en55,1,3812756,1143826950,1,181,4
en55,1,3812829,1143848850,1,1930,4
en55,1,3813936,1144180950,1,44,4
en56,1,3790020,1137006150,1,149,4
en56,1,3812496,1143748950,1,597,4
en56,1,3812829,1143848850,1,669,4
en56,1,3813936,1144180950,1,1468,4
en56,8,3824055,1147216650,1,13,4
en57,1,3790020,1137006150,1,215,4
en57,1,3812496,1143748950,1,697,4
en57,1,3812829,1143848850,1,660,4
en57,1,3813936,1144180950,1,650,4
en58,1,3790020,1137006150,1,150,4
en58,1,3812496,1143748950,1,568,4
en58,1,3812756,1143826950,1,334,4
en58,1,3812829,1143848850,1,1206,4
en58,1,3813936,1144180950,1,89,4
en58,8,3824055,1147216650,1,10,4
en59,1,3790020,1137006150,1,228,4
en59,1,3812496,1143748950,1,1451,4
en59,1,3812756,1143826950,1,45,4
en59,1,3812829,1143848850,1,578,4
en59,1,3813937,1144181250,1,29,4
en6,1,3790020,1137006150,1,235,4
en6,1,3812496,1143748950,1,1063,4
en6,1,3812508,1143752550,1,1561,4
en6,1,3812756,1143826950,1,18,4
en6,1,3812829,1143848850,1,649,4
en6,1,3813936,1144180950,1,619,4
en6,1,3822523,1146757050,1,40,4
en6,1,3822858,1146857550,1,244,4
en6,1,3822901,1146870450,1,1007,4
en6,1,3823750,1147125150,1,856,4
en6,1,3830342,1149102750,1,524,4
en6,1,3839905,1151971650,1,6,4
en60,1,3790020,1137006150,1,165,4
en60,1,3812496,1143748950,1,572,4
en60,1,3812757,1143827250,1,479,4
en60,1,3812829,1143848850,1,1488,4
en60,1,3813936,1144180950,1,38,4
en60,8,3824055,1147216650,1,13,4
en61,1,3790020,1137006150,1,143,4
en61,1,3812496,1143748950,1,559,4
en61,1,3812756,1143826950,1,58,4
en61,1,3813936,1144180950,1,1937,4
en61,8,3824055,1147216650,1,11,4
en62,1,3790020,1137006150,1,168,4
en62,1,3812496,1143748950,1,565,4
en62,1,3812756,1143826950,1,122,4
en62,1,3812829,1143848850,1,768,4
en62,1,3813936,1144180950,1,450,4
en63,1,3790020,1137006150,1,154,4
en63,1,3812496,1143748950,1,563,4
en63,1,3812756,1143826950,1,831,4
en63,1,3812829,1143848850,1,559,4
en63,1,3813936,1144180950,1,36,4
en63,8,3824055,1147216650,1,10,4
en64,1,3790020,1137006150,1,153,4
en64,1,3812496,1143748950,1,569,4
en64,1,3812756,1143826950,1,39,4
en64,1,3812829,1143848850,1,580,4
en64,1,3813937,1144181250,1,48,4
en64,8,3824055,1147216650,1,11,4
en65,1,3790020,1137006150,1,148,4
en65,1,3812496,1143748950,1,640,4
en65,1,3812756,1143826950,1,29,4
en65,1,3812829,1143848850,1,1308,4
en65,1,3813936,1144180950,1,177,4
en65,8,3824055,1147216650,1,12,4
en66,1,3790020,1137006150,1,150,4
en66,1,3812496,1143748950,1,566,4
en66,1,3812756,1143826950,1,65,4
en66,1,3812829,1143848850,1,921,4
en66,1,3813936,1144180950,1,48,4
en66,8,3824055,1147216650,1,10,4
en67,1,3790020,1137006150,1,472,4
en67,1,3812496,1143748950,1,569,4
en67,1,3812756,1143826950,1,129,4
en67,1,3812829,1143848850,1,632,4
en67,1,3813936,1144180950,1,101,4
en67,8,3824055,1147216650,1,12,4
en68,1,3790020,1137006150,1,469,4
en68,1,3812496,1143748950,1,558,4
en68,1,3812757,1143827250,1,46,4
en68,1,3812829,1143848850,1,1218,4
en68,1,3813937,1144181250,1,118,4
en68,8,3824055,1147216650,1,10,4
en69,1,3790020,1137006150,1,472,4
en69,1,3812496,1143748950,1,556,4
en69,1,3812756,1143826950,1,58,4
en69,1,3812829,1143848850,1,1832,4
en69,1,3813936,1144180950,1,755,4
en69,8,3824055,1147216650,1,10,4
en7,1,3790020,1137006150,1,264,4
en7,1,3812497,1143749250,1,1997,4
en7,1,3812508,1143752550,1,2495,4
en7,1,3812756,1143826950,1,129,4
en7,1,3812829,1143848850,1,1741,4
en7,1,3813936,1144180950,1,6378,4
en7,1,3822523,1146757050,1,38,4
en7,1,3822858,1146857550,1,1161,4
en7,1,3822903,1146871050,1,1044,4
en7,1,3824279,1147283850,1,36,4
en7,1,3830353,1149106050,1,43,4
en7,1,3839906,1151971950,1,3,3
en70,1,3790020,1137006150,1,471,4
en70,1,3812496,1143748950,1,551,4
en70,1,3812756,1143826950,1,35,4
en70,1,3812829,1143848850,1,770,4
en70,1,3813936,1144180950,1,1085,4
en70,8,3824055,1147216650,1,10,4
en71,1,3790020,1137006150,1,471,4
en71,1,3812496,1143748950,1,981,4
en71,1,3812756,1143826950,1,22,4
en71,1,3812829,1143848850,1,1978,4
en71,1,3813936,1144180950,1,703,4
en71,8,3824055,1147216650,1,10,4
en72,1,3790020,1137006150,1,474,4
en72,1,3812496,1143748950,1,1295,4
en72,1,3812756,1143826950,1,43,4
en72,1,3812829,1143848850,1,1961,4
en72,1,3813936,1144180950,1,195,4
en72,8,3824055,1147216650,1,13,4
en73,1,3790020,1137006150,1,474,4
en73,1,3812496,1143748950,1,611,4
en73,1,3812757,1143827250,1,33,4
en73,1,3812829,1143848850,1,1314,4
en73,1,3813936,1144180950,1,1504,4
en73,8,3824055,1147216650,1,10,4
en74,1,3790020,1137006150,1,471,4
en74,1,3812496,1143748950,1,2552,4
en74,1,3812757,1143827250,1,421,4
en74,1,3812829,1143848850,1,833,4
en74,1,3813936,1144180950,1,512,4
en75,1,3790020,1137006150,1,473,4
en75,1,3812496,1143748950,1,548,4
en75,1,3812756,1143826950,1,95,4
en75,1,3812829,1143848850,1,842,4
en75,1,3813936,1144180950,1,368,4
en75,8,3824055,1147216650,1,10,4
en76,1,3790020,1137006150,1,473,4
en76,1,3812496,1143748950,1,569,4
en76,1,3812756,1143826950,1,249,4
en76,1,3812829,1143848850,1,597,4
en76,1,3813936,1144180950,1,750,4
en77,1,3790020,1137006150,1,472,4
en77,1,3812496,1143748950,1,562,4
en77,1,3812756,1143826950,1,65,4
en77,1,3812829,1143848850,1,639,4
en77,1,3813936,1144180950,1,96,4
en77,8,3824055,1147216650,1,12,4
en78,1,3790020,1137006150,1,471,4
en78,1,3812496,1143748950,1,762,4
en78,1,3812756,1143826950,1,174,4
en78,1,3812829,1143848850,1,1185,4
en78,1,3813936,1144180950,1,556,4
en78,1,3832178,1149653550,1,3,3
en78,8,3824055,1147216650,1,11,4
en79,1,3790020,1137006150,1,470,4
en79,1,3812496,1143748950,1,566,4
en79,1,3812756,1143826950,1,241,4
en79,1,3812829,1143848850,1,971,4
en79,1,3813936,1144180950,1,902,4
en79,8,3824055,1147216650,1,10,4
en8,1,3790020,1137006150,1,241,4
en8,1,3812496,1143748950,1,967,4
en8,1,3812508,1143752550,1,1003,4
en8,1,3812829,1143848850,1,796,4
en8,1,3813936,1144180950,1,1178,4
en8,1,3822858,1146857550,1,1034,4
en8,1,3822912,1146873750,1,500,4
en8,1,3830350,1149105150,1,57,4
en8,1,3839908,1151972550,2,34414,4
en80,1,3812496,1143748950,1,562,4
en80,1,3812526,1143757950,1,65,4
en80,1,3812756,1143826950,1,27,4
en80,1,3812829,1143848850,1,1086,4
en80,1,3813936,1144180950,1,312,4
en81,1,3790020,1137006150,1,472,4
en81,1,3812496,1143748950,1,561,4
en81,1,3812756,1143826950,1,125,4
en81,1,3812829,1143848850,1,1051,4
en81,1,3813936,1144180950,1,1302,4
en81,8,3824055,1147216650,1,13,4
en82,1,3790020,1137006150,1,471,4
en82,1,3812496,1143748950,1,556,4
en82,1,3812756,1143826950,1,46,4
en82,1,3812829,1143848850,1,557,4
en82,1,3813936,1144180950,1,247,4
en82,8,3824055,1147216650,1,12,4
en83,1,3790020,1137006150,1,474,4
en83,1,3812496,1143748950,1,1636,4
en83,1,3812829,1143848850,1,932,4
en83,1,3813936,1144180950,1,267,4
en83,8,3824055,1147216650,1,10,4
en84,1,3790020,1137006150,1,469,4
en84,1,3812496,1143748950,1,695,4
en84,1,3812756,1143826950,1,43,4
en84,1,3812829,1143848850,1,1989,4
en84,1,3813937,1144181250,1,134,4
en85,1,3798067,1139420250,1,35,4
en85,1,3812496,1143748950,1,567,4
en85,1,3812756,1143826950,1,223,4
en85,1,3812829,1143848850,1,905,4
en85,1,3813936,1144180950,1,1066,4
en86,1,3812496,1143748950,1,571,4
en86,1,3812756,1143826950,1,45,4
en86,1,3812829,1143848850,1,1414,4
en86,1,3813936,1144180950,1,298,4
en87,1,3790020,1137006150,1,473,4
en87,1,3812496,1143748950,1,564,4
en87,1,3812756,1143826950,1,41,4
en87,1,3812829,1143848850,1,672,4
en87,1,3813936,1144180950,1,592,4
en87,8,3824055,1147216650,1,12,4
en88,1,3790020,1137006150,1,471,4
en88,1,3812496,1143748950,1,568,4
en88,1,3812756,1143826950,1,190,4
en88,1,3812829,1143848850,1,709,4
en88,1,3813936,1144180950,1,1212,4
en88,8,3824055,1147216650,1,10,4
en89,1,3790020,1137006150,1,472,4
en89,1,3812496,1143748950,1,571,4
en89,1,3812756,1143826950,1,84,4
en89,1,3812829,1143848850,1,1663,4
en89,1,3813936,1144180950,1,312,4
en89,8,3824055,1147216650,1,10,4
en9,1,3790020,1137006150,1,314,4
en9,1,3812496,1143748950,1,124,4
en9,1,3812829,1143848850,1,1088,4
en9,1,3813936,1144180950,1,46,4
en9,1,3822524,1146757350,1,1133,4
en9,1,3822858,1146857550,1,424,4
en9,1,3822904,1146871350,1,769,4
en9,1,3830348,1149104550,1,500,4
en9,1,3839904,1151971350,1,2,2
en90,1,3798067,1139420250,1,33,4
en90,1,3812496,1143748950,1,1085,4
en90,1,3812757,1143827250,1,92,4
en90,1,3812829,1143848850,1,758,4
en90,1,3813936,1144180950,1,989,4
en90,8,3824055,1147216650,1,13,4
en91,1,3790020,1137006150,1,472,4
en91,1,3812496,1143748950,1,561,4
en91,1,3812756,1143826950,1,45,4
en91,1,3812829,1143848850,1,615,4
en91,1,3813937,1144181250,1,189,4
en91,8,3824055,1147216650,1,11,4
en92,1,3790020,1137006150,1,471,4
en92,1,3812496,1143748950,1,577,4
en92,1,3812756,1143826950,1,385,4
en92,1,3812829,1143848850,1,620,4
en92,1,3813936,1144180950,1,1269,4
en92,8,3824055,1147216650,1,10,4
en93,1,3790020,1137006150,1,471,4
en93,1,3812496,1143748950,1,963,4
en93,1,3812756,1143826950,1,45,4
en93,1,3812829,1143848850,1,1247,4
en93,1,3813936,1144180950,1,2710,4
en93,8,3824055,1147216650,1,11,4
en94,1,3790020,1137006150,1,471,4
en94,1,3812496,1143748950,1,963,4
en94,1,3812829,1143848850,1,1173,4
en94,1,3813936,1144180950,1,1097,4
en94,8,3824055,1147216650,1,13,4
en95,1,3790020,1137006150,1,472,4
en95,1,3812496,1143748950,1,572,4
en95,1,3812755,1143826650,1,59,4
en95,1,3812829,1143848850,1,574,4
en95,1,3813936,1144180950,1,2169,4
en95,8,3824055,1147216650,1,11,4
en96,1,3790020,1137006150,1,472,4
en96,1,3813936,1144180950,1,536,4
en96,8,3824055,1147216650,1,12,4
en97,1,3790020,1137006150,1,492,4
en97,1,3812496,1143748950,1,1114,4
en97,1,3812756,1143826950,1,229,4
en97,1,3812829,1143848850,1,5167,4
en97,8,3824055,1147216650,1,12,4
en98,1,3790020,1137006150,1,471,4
en98,1,3812496,1143748950,1,1363,4
en98,1,3812756,1143826950,1,605,4
en98,1,3812829,1143848850,1,1265,4
en98,1,3813936,1144180950,1,1406,4
en98,8,3824055,1147216650,1,11,4
en99,1,3790020,1137006150,1,152,4
en99,1,3812496,1143748950,1,687,4
en99,1,3812756,1143826950,1,89,4
en99,1,3812829,1143848850,1,625,4
en99,1,3813936,1144180950,1,91,4
en99,8,3824055,1147216650,1,10,4
tbird-admin2,1,3801845,1140553650,1,38,4
tbird-admin2,1,3803759,1141127850,1,37,4
tbird-admin2,1,3813966,1144189950,1,46,4
